"","quality_grade","place_admin1_name","taxon_species_name","taxon_kingdom_name","taxon_phylum_name","taxon_class_name","taxon_order_name","taxon_family_name","taxon_genus_name"
"1","research","Rocha","Parodia erinacea","Plantae","Tracheophyta","Magnoliopsida","Caryophyllales","Cactaceae","Parodia"
"2","research","Montevideo","Nicotiana longiflora","Plantae","Tracheophyta","Magnoliopsida","Solanales","Solanaceae","Nicotiana"
"3","research","Montevideo","Campuloclinium macrocephalum","Plantae","Tracheophyta","Magnoliopsida","Asterales","Asteraceae","Campuloclinium"
"4","research","Montevideo","Noticastrum diffusum","Plantae","Tracheophyta","Magnoliopsida","Asterales","Asteraceae","Noticastrum"
"5","research","Montevideo","Bidens aurea","Plantae","Tracheophyta","Magnoliopsida","Asterales","Asteraceae","Bidens"
"6","research","Rocha","Tessaria absinthioides","Plantae","Tracheophyta","Magnoliopsida","Asterales","Asteraceae","Tessaria"
"7","research","Maldonado","Baccharis notosergila","Plantae","Tracheophyta","Magnoliopsida","Asterales","Asteraceae","Baccharis"
"8","research","Rocha","Gamochaeta falcata","Plantae","Tracheophyta","Magnoliopsida","Asterales","Asteraceae","Gamochaeta"
"9","research","Rocha","Senecio platensis","Plantae","Tracheophyta","Magnoliopsida","Asterales","Asteraceae","Senecio"
"10","research","Rivera","Gyptis tanacetifolia","Plantae","Tracheophyta","Magnoliopsida","Asterales","Asteraceae","Gyptis"
"11","research","Florida","Matricaria chamomilla","Plantae","Tracheophyta","Magnoliopsida","Asterales","Asteraceae","Matricaria"
"12","research","Maldonado","Campovassouria cruciata","Plantae","Tracheophyta","Magnoliopsida","Asterales","Asteraceae","Campovassouria"
"13","research","Canelones","Anthemis cotula","Plantae","Tracheophyta","Magnoliopsida","Asterales","Asteraceae","Anthemis"
"14","research","Canelones","Opuntia ficus-indica","Plantae","Tracheophyta","Magnoliopsida","Caryophyllales","Cactaceae","Opuntia"
"15","research","Salto","Pterocaulon polystachyum","Plantae","Tracheophyta","Magnoliopsida","Asterales","Asteraceae","Pterocaulon"
"16","research","Rocha","Stevia satureiifolia","Plantae","Tracheophyta","Magnoliopsida","Asterales","Asteraceae","Stevia"
"17","research","Canelones","Cereus hildmannianus","Plantae","Tracheophyta","Magnoliopsida","Caryophyllales","Cactaceae","Cereus"
"18","research","Canelones","Hypochaeris radicata","Plantae","Tracheophyta","Magnoliopsida","Asterales","Asteraceae","Hypochaeris"
"19","research","Tacuarembó","Solanum viarum","Plantae","Tracheophyta","Magnoliopsida","Solanales","Solanaceae","Solanum"
"20","research","Montevideo","Pluchea sagittalis","Plantae","Tracheophyta","Magnoliopsida","Asterales","Asteraceae","Pluchea"
"21","research","Lavalleja","Frailea pygmaea","Plantae","Tracheophyta","Magnoliopsida","Caryophyllales","Cactaceae","Frailea"
"22","research","Rocha","Sesbania virgata","Plantae","Tracheophyta","Magnoliopsida","Fabales","Fabaceae","Sesbania"
"23","research","Tacuarembó","Erythrina crista-galli","Plantae","Tracheophyta","Magnoliopsida","Fabales","Fabaceae","Erythrina"
"24","research","Canelones","Microgyne trifurcata","Plantae","Tracheophyta","Magnoliopsida","Asterales","Asteraceae","Microgyne"
"25","research","Canelones","Senecio madagascariensis","Plantae","Tracheophyta","Magnoliopsida","Asterales","Asteraceae","Senecio"
"26","research","Canelones","Berroa gnaphalioides","Plantae","Tracheophyta","Magnoliopsida","Asterales","Asteraceae","Berroa"
"27","research","Canelones","Eclipta elliptica","Plantae","Tracheophyta","Magnoliopsida","Asterales","Asteraceae","Eclipta"
"28","research","Tacuarembó","Peltophorum dubium","Plantae","Tracheophyta","Magnoliopsida","Fabales","Fabaceae","Peltophorum"
"29","research","Colonia","Opuntia monacantha","Plantae","Tracheophyta","Magnoliopsida","Caryophyllales","Cactaceae","Opuntia"
"30","research","Maldonado","Opuntia arechavaletae","Plantae","Tracheophyta","Magnoliopsida","Caryophyllales","Cactaceae","Opuntia"
"31","research","Maldonado","Spartium junceum","Plantae","Tracheophyta","Magnoliopsida","Fabales","Fabaceae","Spartium"
"32","research","Maldonado","Schlechtendalia luzulifolia","Plantae","Tracheophyta","Magnoliopsida","Asterales","Asteraceae","Schlechtendalia"
"33","research","Colonia","Solanum laxum","Plantae","Tracheophyta","Magnoliopsida","Solanales","Solanaceae","Solanum"
"34","research","Colonia","Petunia axillaris","Plantae","Tracheophyta","Magnoliopsida","Solanales","Solanaceae","Petunia"
"35","research","Colonia","Vachellia caven","Plantae","Tracheophyta","Magnoliopsida","Fabales","Fabaceae","Vachellia"
"36","research","Montevideo","Vicia faba","Plantae","Tracheophyta","Magnoliopsida","Fabales","Fabaceae","Vicia"
"37","research","Florida","Parodia mammulosa","Plantae","Tracheophyta","Magnoliopsida","Caryophyllales","Cactaceae","Parodia"
"38","research","Florida","Senna corymbosa","Plantae","Tracheophyta","Magnoliopsida","Fabales","Fabaceae","Senna"
"39","research","Salto","Solanum sisymbriifolium","Plantae","Tracheophyta","Magnoliopsida","Solanales","Solanaceae","Solanum"
"40","research","Rocha","Senecio brasiliensis","Plantae","Tracheophyta","Magnoliopsida","Asterales","Asteraceae","Senecio"
"41","research","Treinta y Tres","Mimosa bifurca","Plantae","Tracheophyta","Magnoliopsida","Fabales","Fabaceae","Mimosa"
"42","research","Tacuarembó","Centrosema virginianum","Plantae","Tracheophyta","Magnoliopsida","Fabales","Fabaceae","Centrosema"
"43","research","Treinta y Tres","Trifolium polymorphum","Plantae","Tracheophyta","Magnoliopsida","Fabales","Fabaceae","Trifolium"
"44","research","Canelones","Trifolium pratense","Plantae","Tracheophyta","Magnoliopsida","Fabales","Fabaceae","Trifolium"
"45","research","Maldonado","Chrysolaena flexuosa","Plantae","Tracheophyta","Magnoliopsida","Asterales","Asteraceae","Chrysolaena"
"46","research","Colonia","Cynara cardunculus","Plantae","Tracheophyta","Magnoliopsida","Asterales","Asteraceae","Cynara"
"47","research","Rivera","Lupinus multiflorus","Plantae","Tracheophyta","Magnoliopsida","Fabales","Fabaceae","Lupinus"
"48","research","Lavalleja","Cirsium vulgare","Plantae","Tracheophyta","Magnoliopsida","Asterales","Asteraceae","Cirsium"
"49","research","Maldonado","Albizia julibrissin","Plantae","Tracheophyta","Magnoliopsida","Fabales","Fabaceae","Albizia"
"50","research","Rivera","Opuntia bonaerensis","Plantae","Tracheophyta","Magnoliopsida","Caryophyllales","Cactaceae","Opuntia"
"51","research","Durazno","Nierembergia linariifolia","Plantae","Tracheophyta","Magnoliopsida","Solanales","Solanaceae","Nierembergia"
"52","research","Maldonado","Bidens pilosa","Plantae","Tracheophyta","Magnoliopsida","Asterales","Asteraceae","Bidens"
"53","research","Rocha","Erigeron blakei","Plantae","Tracheophyta","Magnoliopsida","Asterales","Asteraceae","Erigeron"
"54","research","Maldonado","Mimosa australis","Plantae","Tracheophyta","Magnoliopsida","Fabales","Fabaceae","Mimosa"
"55","research","Maldonado","Grazielia serrata","Plantae","Tracheophyta","Magnoliopsida","Asterales","Asteraceae","Grazielia"
"56","research","Río Negro","Calibrachoa pygmaea","Plantae","Tracheophyta","Magnoliopsida","Solanales","Solanaceae","Calibrachoa"
"57","research","Río Negro","Solidago chilensis","Plantae","Tracheophyta","Magnoliopsida","Asterales","Asteraceae","Solidago"
"58","research","Río Negro","Chromolaena hirsuta","Plantae","Tracheophyta","Magnoliopsida","Asterales","Asteraceae","Chromolaena"
"59","research","Río Negro","Datura ferox","Plantae","Tracheophyta","Magnoliopsida","Solanales","Solanaceae","Datura"
"60","research","Río Negro","Elephantopus mollis","Plantae","Tracheophyta","Magnoliopsida","Asterales","Asteraceae","Elephantopus"
"61","research","Montevideo","Vachellia karroo","Plantae","Tracheophyta","Magnoliopsida","Fabales","Fabaceae","Vachellia"
"62","research","Montevideo","Calliandra tweediei","Plantae","Tracheophyta","Magnoliopsida","Fabales","Fabaceae","Calliandra"
"63","research","Montevideo","Solanum mauritianum","Plantae","Tracheophyta","Magnoliopsida","Solanales","Solanaceae","Solanum"
"64","research","Río Negro","Verbesina subcordata","Plantae","Tracheophyta","Magnoliopsida","Asterales","Asteraceae","Verbesina"
"65","research","San José","Achyrocline saturejoides","Plantae","Tracheophyta","Magnoliopsida","Asterales","Asteraceae","Achyrocline"
"66","research","Río Negro","Bauhinia forficata","Plantae","Tracheophyta","Magnoliopsida","Fabales","Fabaceae","Bauhinia"
"67","research","Río Negro","Centaurea solstitialis","Plantae","Tracheophyta","Magnoliopsida","Asterales","Asteraceae","Centaurea"
"68","research","Río Negro","Opuntia rioplatense","Plantae","Tracheophyta","Magnoliopsida","Caryophyllales","Cactaceae","Opuntia"
"69","research","Río Negro","Baccharis coridifolia","Plantae","Tracheophyta","Magnoliopsida","Asterales","Asteraceae","Baccharis"
"70","research","Soriano","Desmodium incanum","Plantae","Tracheophyta","Magnoliopsida","Fabales","Fabaceae","Desmodium"
"71","research","Río Negro","Grindelia pulchella","Plantae","Tracheophyta","Magnoliopsida","Asterales","Asteraceae","Grindelia"
"72","research","Paysandú","Helenium radiatum","Plantae","Tracheophyta","Magnoliopsida","Asterales","Asteraceae","Helenium"
"73","research","Canelones","Coreopsis lanceolata","Plantae","Tracheophyta","Magnoliopsida","Asterales","Asteraceae","Coreopsis"
"74","research","Paysandú","Vernonanthura montevidensis","Plantae","Tracheophyta","Magnoliopsida","Asterales","Asteraceae","Vernonanthura"
"75","research","Montevideo","Chamaemelum mixtum","Plantae","Tracheophyta","Magnoliopsida","Asterales","Asteraceae","Chamaemelum"
"76","research","Río Negro","Solanum bonariense","Plantae","Tracheophyta","Magnoliopsida","Solanales","Solanaceae","Solanum"
"77","research","Río Negro","Acmella decumbens","Plantae","Tracheophyta","Magnoliopsida","Asterales","Asteraceae","Acmella"
"78","research","Río Negro","Picrosia longifolia","Plantae","Tracheophyta","Magnoliopsida","Asterales","Asteraceae","Picrosia"
"79","research","Montevideo","Senecio crassiflorus","Plantae","Tracheophyta","Magnoliopsida","Asterales","Asteraceae","Senecio"
"80","research","Montevideo","Lupinus bracteolaris","Plantae","Tracheophyta","Magnoliopsida","Fabales","Fabaceae","Lupinus"
"81","research","Río Negro","Pamphalea heterophylla","Plantae","Tracheophyta","Magnoliopsida","Asterales","Asteraceae","Pamphalea"
"82","research","San José","Vicia benghalensis","Plantae","Tracheophyta","Magnoliopsida","Fabales","Fabaceae","Vicia"
"83","research","Río Negro","Chaptalia piloselloides","Plantae","Tracheophyta","Magnoliopsida","Asterales","Asteraceae","Chaptalia"
"84","research","Río Negro","Trixis praestans","Plantae","Tracheophyta","Magnoliopsida","Asterales","Asteraceae","Trixis"
"85","research","Soriano","Acacia dealbata","Plantae","Tracheophyta","Magnoliopsida","Fabales","Fabaceae","Acacia"
"86","research","Río Negro","Taraxacum officinale","Plantae","Tracheophyta","Magnoliopsida","Asterales","Asteraceae","Taraxacum"
"87","research","Río Negro","Chromolaena ivifolia","Plantae","Tracheophyta","Magnoliopsida","Asterales","Asteraceae","Chromolaena"
"88","research","Río Negro","Bidens subalternans","Plantae","Tracheophyta","Magnoliopsida","Asterales","Asteraceae","Bidens"
"89","research","Montevideo","Arctium minus","Plantae","Tracheophyta","Magnoliopsida","Asterales","Asteraceae","Arctium"
"90","research","Río Negro","Jaborosa runcinata","Plantae","Tracheophyta","Magnoliopsida","Solanales","Solanaceae","Jaborosa"
"91","research","Río Negro","Prosopis affinis","Plantae","Tracheophyta","Magnoliopsida","Fabales","Fabaceae","Prosopis"
"92","research","Río Negro","Austroeupatorium inulifolium","Plantae","Tracheophyta","Magnoliopsida","Asterales","Asteraceae","Austroeupatorium"
"93","research","Río Negro","Camptosema rubicundum","Plantae","Tracheophyta","Magnoliopsida","Fabales","Fabaceae","Camptosema"
"94","research","Río Negro","Cestrum parqui","Plantae","Tracheophyta","Magnoliopsida","Solanales","Solanaceae","Cestrum"
"95","research","Río Negro","Holocheilus hieracioides","Plantae","Tracheophyta","Magnoliopsida","Asterales","Asteraceae","Holocheilus"
"96","research","Soriano","Lessingianthus plantaginodes","Plantae","Tracheophyta","Magnoliopsida","Asterales","Asteraceae","Lessingianthus"
"97","research","Río Negro","Senecio bonariensis","Plantae","Tracheophyta","Magnoliopsida","Asterales","Asteraceae","Senecio"
"98","research","Río Negro","Senecio pterophorus","Plantae","Tracheophyta","Magnoliopsida","Asterales","Asteraceae","Senecio"
"99","research","Montevideo","Sonchus oleraceus","Plantae","Tracheophyta","Magnoliopsida","Asterales","Asteraceae","Sonchus"
"100","research","Río Negro","Lepismium lumbricoides","Plantae","Tracheophyta","Magnoliopsida","Caryophyllales","Cactaceae","Lepismium"
"101","research","Río Negro","Gymnocoronis spilanthoides","Plantae","Tracheophyta","Magnoliopsida","Asterales","Asteraceae","Gymnocoronis"
"102","research","Río Negro","Nierembergia calycina","Plantae","Tracheophyta","Magnoliopsida","Solanales","Solanaceae","Nierembergia"
"103","research","Río Negro","Lotus corniculatus","Plantae","Tracheophyta","Magnoliopsida","Fabales","Fabaceae","Lotus"
"104","research","Río Negro","Cichorium intybus","Plantae","Tracheophyta","Magnoliopsida","Asterales","Asteraceae","Cichorium"
"105","research","Río Negro","Geoffroea decorticans","Plantae","Tracheophyta","Magnoliopsida","Fabales","Fabaceae","Geoffroea"
"106","research","Río Negro","Carduus acanthoides","Plantae","Tracheophyta","Magnoliopsida","Asterales","Asteraceae","Carduus"
"107","research","Río Negro","Macroptilium prostratum","Plantae","Tracheophyta","Magnoliopsida","Fabales","Fabaceae","Macroptilium"
"108","research","Río Negro","Chromolaena christieana","Plantae","Tracheophyta","Magnoliopsida","Asterales","Asteraceae","Chromolaena"
"109","research","Río Negro","Baccharis trimera","Plantae","Tracheophyta","Magnoliopsida","Asterales","Asteraceae","Baccharis"
"110","research","Río Negro","Vernonanthura nudiflora","Plantae","Tracheophyta","Magnoliopsida","Asterales","Asteraceae","Vernonanthura"
"111","research","Río Negro","Solanum nigrum","Plantae","Tracheophyta","Magnoliopsida","Solanales","Solanaceae","Solanum"
"112","research","Río Negro","Urolepis hecatantha","Plantae","Tracheophyta","Magnoliopsida","Asterales","Asteraceae","Urolepis"
"113","research","Maldonado","Smallanthus connatus","Plantae","Tracheophyta","Magnoliopsida","Asterales","Asteraceae","Smallanthus"
"114","research","Río Negro","Galactia marginalis","Plantae","Tracheophyta","Magnoliopsida","Fabales","Fabaceae","Galactia"
"115","research","Canelones","Solanum pseudocapsicum","Plantae","Tracheophyta","Magnoliopsida","Solanales","Solanaceae","Solanum"
"116","research","Canelones","Sesbania punicea","Plantae","Tracheophyta","Magnoliopsida","Fabales","Fabaceae","Sesbania"
"117","research","Río Negro","Trichocline humilis","Plantae","Tracheophyta","Magnoliopsida","Asterales","Asteraceae","Trichocline"
"118","research","Río Negro","Medicago sativa","Plantae","Tracheophyta","Magnoliopsida","Fabales","Fabaceae","Medicago"
"119","research","Soriano","Eclipta prostrata","Plantae","Tracheophyta","Magnoliopsida","Asterales","Asteraceae","Eclipta"
"120","research","Montevideo","Galinsoga parviflora","Plantae","Tracheophyta","Magnoliopsida","Asterales","Asteraceae","Galinsoga"
"121","research","Río Negro","Aldama anchusifolia","Plantae","Tracheophyta","Magnoliopsida","Asterales","Asteraceae","Aldama"
"122","research","Río Negro","Hypochaeris albiflora","Plantae","Tracheophyta","Magnoliopsida","Asterales","Asteraceae","Hypochaeris"
"123","research","Montevideo","Pseudogynoxys chenopodioides","Plantae","Tracheophyta","Magnoliopsida","Asterales","Asteraceae","Pseudogynoxys"
"124","research","Montevideo","Helianthus tuberosus","Plantae","Tracheophyta","Magnoliopsida","Asterales","Asteraceae","Helianthus"
"125","research","Montevideo","Enterolobium contortisiliquum","Plantae","Tracheophyta","Magnoliopsida","Fabales","Fabaceae","Enterolobium"
"126","research","Canelones","Trifolium repens","Plantae","Tracheophyta","Magnoliopsida","Fabales","Fabaceae","Trifolium"
"127","research","Montevideo","Youngia japonica","Plantae","Tracheophyta","Magnoliopsida","Asterales","Asteraceae","Youngia"
"128","research","Rivera","Soliva sessilis","Plantae","Tracheophyta","Magnoliopsida","Asterales","Asteraceae","Soliva"
"129","research","Cerro Largo","Parodia ottonis","Plantae","Tracheophyta","Magnoliopsida","Caryophyllales","Cactaceae","Parodia"
"130","research","Cerro Largo","Frailea gracillima","Plantae","Tracheophyta","Magnoliopsida","Caryophyllales","Cactaceae","Frailea"
"131","research","Rocha","Parodia langsdorfii","Plantae","Tracheophyta","Magnoliopsida","Caryophyllales","Cactaceae","Parodia"
"132","research","Maldonado","Opuntia aurantiaca","Plantae","Tracheophyta","Magnoliopsida","Caryophyllales","Cactaceae","Opuntia"
"133","research","Montevideo","Acacia longifolia","Plantae","Tracheophyta","Magnoliopsida","Fabales","Fabaceae","Acacia"
"134","research","Rocha","Xanthium strumarium","Plantae","Tracheophyta","Magnoliopsida","Asterales","Asteraceae","Xanthium"
"135","research","Canelones","Brunfelsia australis","Plantae","Tracheophyta","Magnoliopsida","Solanales","Solanaceae","Brunfelsia"
"136","research","Paysandú","Sonchus asper","Plantae","Tracheophyta","Magnoliopsida","Asterales","Asteraceae","Sonchus"
"137","research","Canelones","Helianthus annuus","Plantae","Tracheophyta","Magnoliopsida","Asterales","Asteraceae","Helianthus"
"138","research","Río Negro","Hymenoxys anthemoides","Plantae","Tracheophyta","Magnoliopsida","Asterales","Asteraceae","Hymenoxys"
"139","research","Río Negro","Erigeron lorentzii","Plantae","Tracheophyta","Magnoliopsida","Asterales","Asteraceae","Erigeron"
"140","research","Montevideo","Coleostephus myconis","Plantae","Tracheophyta","Magnoliopsida","Asterales","Asteraceae","Coleostephus"
"141","research","San José","Senecio selloi","Plantae","Tracheophyta","Magnoliopsida","Asterales","Asteraceae","Senecio"
"142","research","Río Negro","Gleditsia triacanthos","Plantae","Tracheophyta","Magnoliopsida","Fabales","Fabaceae","Gleditsia"
"143","research","San José","Baccharis articulata","Plantae","Tracheophyta","Magnoliopsida","Asterales","Asteraceae","Baccharis"
"144","research","Soriano","Petunia integrifolia","Plantae","Tracheophyta","Magnoliopsida","Solanales","Solanaceae","Petunia"
"145","research","Montevideo","Hedypnois rhagadioloides","Plantae","Tracheophyta","Magnoliopsida","Asterales","Asteraceae","Hedypnois"
"146","research","Montevideo","Solanum chenopodioides","Plantae","Tracheophyta","Magnoliopsida","Solanales","Solanaceae","Solanum"
"147","research","Soriano","Hypochaeris chillensis","Plantae","Tracheophyta","Magnoliopsida","Asterales","Asteraceae","Hypochaeris"
"148","research","San José","Adesmia securigerifolia","Plantae","Tracheophyta","Magnoliopsida","Fabales","Fabaceae","Adesmia"
"149","research","Colonia","Brunfelsia pauciflora","Plantae","Tracheophyta","Magnoliopsida","Solanales","Solanaceae","Brunfelsia"
"150","research","Colonia","Pseudognaphalium cheiranthifolium","Plantae","Tracheophyta","Magnoliopsida","Asterales","Asteraceae","Pseudognaphalium"
"151","research","Colonia","Arachis villosa","Plantae","Tracheophyta","Magnoliopsida","Fabales","Fabaceae","Arachis"
"152","research","Canelones","Solanum granulosoleprosum","Plantae","Tracheophyta","Magnoliopsida","Solanales","Solanaceae","Solanum"
"153","research","Montevideo","Hieracium commersonii","Plantae","Tracheophyta","Magnoliopsida","Asterales","Asteraceae","Hieracium"
"154","research","Canelones","Trifolium campestre","Plantae","Tracheophyta","Magnoliopsida","Fabales","Fabaceae","Trifolium"
"155","research","Montevideo","Urospermum picroides","Plantae","Tracheophyta","Magnoliopsida","Asterales","Asteraceae","Urospermum"
"156","research","Montevideo","Lathyrus nervosus","Plantae","Tracheophyta","Magnoliopsida","Fabales","Fabaceae","Lathyrus"
"157","research","Salto","Carduus nutans","Plantae","Tracheophyta","Magnoliopsida","Asterales","Asteraceae","Carduus"
"158","research","Montevideo","Helminthotheca echioides","Plantae","Tracheophyta","Magnoliopsida","Asterales","Asteraceae","Helminthotheca"
"159","research","Montevideo","Baccharis dracunculifolia","Plantae","Tracheophyta","Magnoliopsida","Asterales","Asteraceae","Baccharis"
"160","research","Montevideo","Erigeron bonariensis","Plantae","Tracheophyta","Magnoliopsida","Asterales","Asteraceae","Erigeron"
"161","research","Rocha","Trichocline cisplatina","Plantae","Tracheophyta","Magnoliopsida","Asterales","Asteraceae","Trichocline"
"162","research","Cerro Largo","Baccharis ochracea","Plantae","Tracheophyta","Magnoliopsida","Asterales","Asteraceae","Baccharis"
"163","research","Cerro Largo","Solanum atropurpureum","Plantae","Tracheophyta","Magnoliopsida","Solanales","Solanaceae","Solanum"
"164","research","Flores","Acacia melanoxylon","Plantae","Tracheophyta","Magnoliopsida","Fabales","Fabaceae","Acacia"
"165","research","Rocha","Solanum glaucophyllum","Plantae","Tracheophyta","Magnoliopsida","Solanales","Solanaceae","Solanum"
"166","research","Paysandú","Lactuca serriola","Plantae","Tracheophyta","Magnoliopsida","Asterales","Asteraceae","Lactuca"
"167","research","Paysandú","Melilotus albus","Plantae","Tracheophyta","Magnoliopsida","Fabales","Fabaceae","Melilotus"
"168","research","Flores","Aspilia montevidensis","Plantae","Tracheophyta","Magnoliopsida","Asterales","Asteraceae","Aspilia"
"169","research","Rivera","Lessingianthus macrocephalus","Plantae","Tracheophyta","Magnoliopsida","Asterales","Asteraceae","Lessingianthus"
"170","research","Rivera","Sommerfeltia cabrerae","Plantae","Tracheophyta","Magnoliopsida","Asterales","Asteraceae","Sommerfeltia"
"171","research","Maldonado","Senecio pulcher","Plantae","Tracheophyta","Magnoliopsida","Asterales","Asteraceae","Senecio"
"172","research","Artigas","Mimosa uraguensis","Plantae","Tracheophyta","Magnoliopsida","Fabales","Fabaceae","Mimosa"
"173","research","Maldonado","Mutisia coccinea","Plantae","Tracheophyta","Magnoliopsida","Asterales","Asteraceae","Mutisia"
"174","research","Cerro Largo","Acanthostyles buniifolius","Plantae","Tracheophyta","Magnoliopsida","Asterales","Asteraceae","Acanthostyles"
"175","research","Rivera","Criscia stricta","Plantae","Tracheophyta","Magnoliopsida","Asterales","Asteraceae","Criscia"
"176","research","Río Negro","Baccharis glutinosa","Plantae","Tracheophyta","Magnoliopsida","Asterales","Asteraceae","Baccharis"
"177","research","Flores","Prosopis nigra","Plantae","Tracheophyta","Magnoliopsida","Fabales","Fabaceae","Prosopis"
"178","research","San José","Xanthium cavanillesii","Plantae","Tracheophyta","Magnoliopsida","Asterales","Asteraceae","Xanthium"
"179","research","Paysandú","Salpichroa origanifolia","Plantae","Tracheophyta","Magnoliopsida","Solanales","Solanaceae","Salpichroa"
"180","research","Paysandú","Baccharis punctulata","Plantae","Tracheophyta","Magnoliopsida","Asterales","Asteraceae","Baccharis"
"181","research","Paysandú","Pterocaulon balansae","Plantae","Tracheophyta","Magnoliopsida","Asterales","Asteraceae","Pterocaulon"
"182","research","Paysandú","Pseudognaphalium gaudichaudianum","Plantae","Tracheophyta","Magnoliopsida","Asterales","Asteraceae","Pseudognaphalium"
"183","research","Paysandú","Hysterionica resinosa","Plantae","Tracheophyta","Magnoliopsida","Asterales","Asteraceae","Hysterionica"
"184","research","Paysandú","Poecilanthe parviflora","Plantae","Tracheophyta","Magnoliopsida","Fabales","Fabaceae","Poecilanthe"
"185","research","Río Negro","Physalis angulata","Plantae","Tracheophyta","Magnoliopsida","Solanales","Solanaceae","Physalis"
"186","research","Montevideo","Tipuana tipu","Plantae","Tracheophyta","Magnoliopsida","Fabales","Fabaceae","Tipuana"
"187","research","Canelones","Vigna longifolia","Plantae","Tracheophyta","Magnoliopsida","Fabales","Fabaceae","Vigna"
"188","research","Paysandú","Thelesperma megapotamicum","Plantae","Tracheophyta","Magnoliopsida","Asterales","Asteraceae","Thelesperma"
"189","research","Paysandú","Chamaecrista repens","Plantae","Tracheophyta","Magnoliopsida","Fabales","Fabaceae","Chamaecrista"
"190","research","Paysandú","Trichocline incana","Plantae","Tracheophyta","Magnoliopsida","Asterales","Asteraceae","Trichocline"
"191","research","Paysandú","Calibrachoa humilis","Plantae","Tracheophyta","Magnoliopsida","Solanales","Solanaceae","Calibrachoa"
"192","research","Paysandú","Isostigma peucedanifolium","Plantae","Tracheophyta","Magnoliopsida","Asterales","Asteraceae","Isostigma"
"193","research","Paysandú","Porophyllum linifolium","Plantae","Tracheophyta","Magnoliopsida","Asterales","Asteraceae","Porophyllum"
"194","research","Paysandú","Chaptalia sinuata","Plantae","Tracheophyta","Magnoliopsida","Asterales","Asteraceae","Chaptalia"
"195","research","Paysandú","Neja pinifolia","Plantae","Tracheophyta","Magnoliopsida","Asterales","Asteraceae","Neja"
"196","research","Paysandú","Neptunia pubescens","Plantae","Tracheophyta","Magnoliopsida","Fabales","Fabaceae","Neptunia"
"197","research","Paysandú","Porophyllum ruderale","Plantae","Tracheophyta","Magnoliopsida","Asterales","Asteraceae","Porophyllum"
"198","research","Paysandú","Chromolaena squarrulosa","Plantae","Tracheophyta","Magnoliopsida","Asterales","Asteraceae","Chromolaena"
"199","research","Paysandú","Bouchetia anomala","Plantae","Tracheophyta","Magnoliopsida","Solanales","Solanaceae","Bouchetia"
"200","research","Paysandú","Elephantopus angustifolius","Plantae","Tracheophyta","Magnoliopsida","Asterales","Asteraceae","Elephantopus"
"201","research","Paysandú","Stenocephalum megapotamicum","Plantae","Tracheophyta","Magnoliopsida","Asterales","Asteraceae","Stenocephalum"
"202","research","Paysandú","Collaea stenophylla","Plantae","Tracheophyta","Magnoliopsida","Fabales","Fabaceae","Collaea"
"203","research","Paysandú","Rhynchosia lineata","Plantae","Tracheophyta","Magnoliopsida","Fabales","Fabaceae","Rhynchosia"
"204","research","Río Negro","Nierembergia aristata","Plantae","Tracheophyta","Magnoliopsida","Solanales","Solanaceae","Nierembergia"
"205","research","Río Negro","Calyptocarpus brasiliensis","Plantae","Tracheophyta","Magnoliopsida","Asterales","Asteraceae","Calyptocarpus"
"206","research","Maldonado","Solanum lycopersicum","Plantae","Tracheophyta","Magnoliopsida","Solanales","Solanaceae","Solanum"
"207","research","Durazno","Carthamus lanatus","Plantae","Tracheophyta","Magnoliopsida","Asterales","Asteraceae","Carthamus"
"208","research","Rocha","Lotus tenuis","Plantae","Tracheophyta","Magnoliopsida","Fabales","Fabaceae","Lotus"
"209","research","Montevideo","Cotula nigellifolia","Plantae","Tracheophyta","Magnoliopsida","Asterales","Asteraceae","Cotula"
"210","research","Artigas","Opuntia elata","Plantae","Tracheophyta","Magnoliopsida","Caryophyllales","Cactaceae","Opuntia"
"211","research","Maldonado","Mimosa ramulosa","Plantae","Tracheophyta","Magnoliopsida","Fabales","Fabaceae","Mimosa"
"212","research","Maldonado","Mimosa dutrae","Plantae","Tracheophyta","Magnoliopsida","Fabales","Fabaceae","Mimosa"
"213","research","San José","Helenium amarum","Plantae","Tracheophyta","Magnoliopsida","Asterales","Asteraceae","Helenium"
"214","research","Río Negro","Frailea pumila","Plantae","Tracheophyta","Magnoliopsida","Caryophyllales","Cactaceae","Frailea"
"215","research","Río Negro","Echinopsis oxygona","Plantae","Tracheophyta","Magnoliopsida","Caryophyllales","Cactaceae","Echinopsis"
"216","research","Maldonado","Baccharis oxyodonta","Plantae","Tracheophyta","Magnoliopsida","Asterales","Asteraceae","Baccharis"
"217","research","Canelones","Jaumea linearifolia","Plantae","Tracheophyta","Magnoliopsida","Asterales","Asteraceae","Jaumea"
"218","research","Río Negro","Mimosa strigillosa","Plantae","Tracheophyta","Magnoliopsida","Fabales","Fabaceae","Mimosa"
"219","research","Lavalleja","Baccharis crispa","Plantae","Tracheophyta","Magnoliopsida","Asterales","Asteraceae","Baccharis"
"220","research","Maldonado","Pterocaulon lorentzii","Plantae","Tracheophyta","Magnoliopsida","Asterales","Asteraceae","Pterocaulon"
"221","research","Maldonado","Lucilia nitens","Plantae","Tracheophyta","Magnoliopsida","Asterales","Asteraceae","Lucilia"
"222","research","Maldonado","Baccharis linearifolia","Plantae","Tracheophyta","Magnoliopsida","Asterales","Asteraceae","Baccharis"
"223","research","Maldonado","Acanthospermum australe","Plantae","Tracheophyta","Magnoliopsida","Asterales","Asteraceae","Acanthospermum"
"224","research","Maldonado","Enydra sessilis","Plantae","Tracheophyta","Magnoliopsida","Asterales","Asteraceae","Enydra"
"225","research","Maldonado","Vigna luteola","Plantae","Tracheophyta","Magnoliopsida","Fabales","Fabaceae","Vigna"
"226","research","Río Negro","Zinnia elegans","Plantae","Tracheophyta","Magnoliopsida","Asterales","Asteraceae","Zinnia"
"227","research","Maldonado","Lucilia acutifolia","Plantae","Tracheophyta","Magnoliopsida","Asterales","Asteraceae","Lucilia"
"228","research","Maldonado","Baccharis microdonta","Plantae","Tracheophyta","Magnoliopsida","Asterales","Asteraceae","Baccharis"
"229","research","Maldonado","Parodia concinna","Plantae","Tracheophyta","Magnoliopsida","Caryophyllales","Cactaceae","Parodia"
"230","research","Montevideo","Noticastrum acuminatum","Plantae","Tracheophyta","Magnoliopsida","Asterales","Asteraceae","Noticastrum"
"231","research","Rocha","Noticastrum malmei","Plantae","Tracheophyta","Magnoliopsida","Asterales","Asteraceae","Noticastrum"
"232","research","Río Negro","Ambrosia artemisiifolia","Plantae","Tracheophyta","Magnoliopsida","Asterales","Asteraceae","Ambrosia"
"233","research","Río Negro","Capsicum annuum","Plantae","Tracheophyta","Magnoliopsida","Solanales","Solanaceae","Capsicum"
"234","research","Cerro Largo","Epiphyllum oxypetalum","Plantae","Tracheophyta","Magnoliopsida","Caryophyllales","Cactaceae","Epiphyllum"
"235","research","Paysandú","Chromolaena laevigata","Plantae","Tracheophyta","Magnoliopsida","Asterales","Asteraceae","Chromolaena"
"236","research","Rocha","Sommerfeltia spinulosa","Plantae","Tracheophyta","Magnoliopsida","Asterales","Asteraceae","Sommerfeltia"
"237","research","Canelones","Pterocaulon virgatum","Plantae","Tracheophyta","Magnoliopsida","Asterales","Asteraceae","Pterocaulon"
"238","research","Canelones","Bidens laevis","Plantae","Tracheophyta","Magnoliopsida","Asterales","Asteraceae","Bidens"
"239","research","Canelones","Erechtites hieraciifolius","Plantae","Tracheophyta","Magnoliopsida","Asterales","Asteraceae","Erechtites"
"240","research","Canelones","Mikania cordifolia","Plantae","Tracheophyta","Magnoliopsida","Asterales","Asteraceae","Mikania"
"241","research","Canelones","Inga uraguensis","Plantae","Tracheophyta","Magnoliopsida","Fabales","Fabaceae","Inga"
"242","research","Rocha","Parodia scopa","Plantae","Tracheophyta","Magnoliopsida","Caryophyllales","Cactaceae","Parodia"
"243","research","Flores","Parkinsonia aculeata","Plantae","Tracheophyta","Magnoliopsida","Fabales","Fabaceae","Parkinsonia"
"244","research","Durazno","Mimosa flagellaris","Plantae","Tracheophyta","Magnoliopsida","Fabales","Fabaceae","Mimosa"
"245","research","Durazno","Mikania thapsoides","Plantae","Tracheophyta","Magnoliopsida","Asterales","Asteraceae","Mikania"
"246","research","Durazno","Hatschbachiella tweedieana","Plantae","Tracheophyta","Magnoliopsida","Asterales","Asteraceae","Hatschbachiella"
"247","research","Maldonado","Glebionis coronaria","Plantae","Tracheophyta","Magnoliopsida","Asterales","Asteraceae","Glebionis"
"248","research","Río Negro","Barrosoa candolleana","Plantae","Tracheophyta","Magnoliopsida","Asterales","Asteraceae","Barrosoa"
"249","research","Río Negro","Senegalia bonariensis","Plantae","Tracheophyta","Magnoliopsida","Fabales","Fabaceae","Senegalia"
"250","research","Soriano","Pterocaulon angustifolium","Plantae","Tracheophyta","Magnoliopsida","Asterales","Asteraceae","Pterocaulon"
"251","research","Montevideo","Ulex europaeus","Plantae","Tracheophyta","Magnoliopsida","Fabales","Fabaceae","Ulex"
"252","research","Maldonado","Opuntia megapotamica","Plantae","Tracheophyta","Magnoliopsida","Caryophyllales","Cactaceae","Opuntia"
"253","research","Río Negro","Xanthium spinosum","Plantae","Tracheophyta","Magnoliopsida","Asterales","Asteraceae","Xanthium"
"254","research","Río Negro","Baccharis vulneraria","Plantae","Tracheophyta","Magnoliopsida","Asterales","Asteraceae","Baccharis"
"255","research","Río Negro","Tagetes minuta","Plantae","Tracheophyta","Magnoliopsida","Asterales","Asteraceae","Tagetes"
"256","research","Canelones","Brugmansia suaveolens","Plantae","Tracheophyta","Magnoliopsida","Solanales","Solanaceae","Brugmansia"
"257","research","Maldonado","Wisteria sinensis","Plantae","Tracheophyta","Magnoliopsida","Fabales","Fabaceae","Wisteria"
"258","research","Río Negro","Nierembergia scoparia","Plantae","Tracheophyta","Magnoliopsida","Solanales","Solanaceae","Nierembergia"
"259","research","Tacuarembó","Mimosa sprengelii","Plantae","Tracheophyta","Magnoliopsida","Fabales","Fabaceae","Mimosa"
"260","research","Maldonado","Baccharis spicata","Plantae","Tracheophyta","Magnoliopsida","Asterales","Asteraceae","Baccharis"
"261","research","Rocha","Parodia neoarechavaletae","Plantae","Tracheophyta","Magnoliopsida","Caryophyllales","Cactaceae","Parodia"
"262","research","Río Negro","Gyptis pinnatifida","Plantae","Tracheophyta","Magnoliopsida","Asterales","Asteraceae","Gyptis"
"263","research","Maldonado","Baccharis aliena","Plantae","Tracheophyta","Magnoliopsida","Asterales","Asteraceae","Baccharis"
"264","research","Maldonado","Solanum commersonii","Plantae","Tracheophyta","Magnoliopsida","Solanales","Solanaceae","Solanum"
"265","research","Maldonado","Grazielia brevipetiolata","Plantae","Tracheophyta","Magnoliopsida","Asterales","Asteraceae","Grazielia"
"266","research","Río Negro","Symphyotrichum subulatum","Plantae","Tracheophyta","Magnoliopsida","Asterales","Asteraceae","Symphyotrichum"
"267","research","Salto","Solanum tuberosum","Plantae","Tracheophyta","Magnoliopsida","Solanales","Solanaceae","Solanum"
"268","research","Río Negro","Medicago lupulina","Plantae","Tracheophyta","Magnoliopsida","Fabales","Fabaceae","Medicago"
"269","research","Rocha","Dimorphotheca ecklonis","Plantae","Tracheophyta","Magnoliopsida","Asterales","Asteraceae","Dimorphotheca"
"270","research","Rocha","Grindelia orientalis","Plantae","Tracheophyta","Magnoliopsida","Asterales","Asteraceae","Grindelia"
"271","research","Maldonado","Baccharis patens","Plantae","Tracheophyta","Magnoliopsida","Asterales","Asteraceae","Baccharis"
"272","research","Canelones","Baccharis tridentata","Plantae","Tracheophyta","Magnoliopsida","Asterales","Asteraceae","Baccharis"
"273","research","Canelones","Acacia podalyriifolia","Plantae","Tracheophyta","Magnoliopsida","Fabales","Fabaceae","Acacia"
"274","research","Canelones","Ambrosia tenuifolia","Plantae","Tracheophyta","Magnoliopsida","Asterales","Asteraceae","Ambrosia"
"275","research","Rivera","Lupinus gibertianus","Plantae","Tracheophyta","Magnoliopsida","Fabales","Fabaceae","Lupinus"
"276","research","Montevideo","Vachellia farnesiana","Plantae","Tracheophyta","Magnoliopsida","Fabales","Fabaceae","Vachellia"
"277","research","Cerro Largo","Acmella bellidioides","Plantae","Tracheophyta","Magnoliopsida","Asterales","Asteraceae","Acmella"
"278","research","Río Negro","Chaptalia exscapa","Plantae","Tracheophyta","Magnoliopsida","Asterales","Asteraceae","Chaptalia"
"279","research","Canelones","Cotula australis","Plantae","Tracheophyta","Magnoliopsida","Asterales","Asteraceae","Cotula"
"280","research","Montevideo","Physalis peruviana","Plantae","Tracheophyta","Magnoliopsida","Solanales","Solanaceae","Physalis"
"281","research","Maldonado","Senecio ostenii","Plantae","Tracheophyta","Magnoliopsida","Asterales","Asteraceae","Senecio"
"282","research","Montevideo","Senecio vulgaris","Plantae","Tracheophyta","Magnoliopsida","Asterales","Asteraceae","Senecio"
"283","research","Rocha","Adesmia bicolor","Plantae","Tracheophyta","Magnoliopsida","Fabales","Fabaceae","Adesmia"
"284","research","Montevideo","Leucanthemum vulgare","Plantae","Tracheophyta","Magnoliopsida","Asterales","Asteraceae","Leucanthemum"
"285","research","Montevideo","Nicotiana glauca","Plantae","Tracheophyta","Magnoliopsida","Solanales","Solanaceae","Nicotiana"
"286","research","Soriano","Baccharis phyteumoides","Plantae","Tracheophyta","Magnoliopsida","Asterales","Asteraceae","Baccharis"
"287","research","Maldonado","Lathyrus pubescens","Plantae","Tracheophyta","Magnoliopsida","Fabales","Fabaceae","Lathyrus"
"288","research","Maldonado","Chaptalia arechavaletae","Plantae","Tracheophyta","Magnoliopsida","Asterales","Asteraceae","Chaptalia"
"289","research","Maldonado","Adesmia punctata","Plantae","Tracheophyta","Magnoliopsida","Fabales","Fabaceae","Adesmia"
"290","research","Maldonado","Nicotiana bonariensis","Plantae","Tracheophyta","Magnoliopsida","Solanales","Solanaceae","Nicotiana"
"291","research","Maldonado","Genista monspessulana","Plantae","Tracheophyta","Magnoliopsida","Fabales","Fabaceae","Genista"
"292","research","Tacuarembó","Senecio pinnatus","Plantae","Tracheophyta","Magnoliopsida","Asterales","Asteraceae","Senecio"
"293","research","Tacuarembó","Perezia multiflora","Plantae","Tracheophyta","Magnoliopsida","Asterales","Asteraceae","Perezia"
"294","research","San José","Chevreulia sarmentosa","Plantae","Tracheophyta","Magnoliopsida","Asterales","Asteraceae","Chevreulia"
"295","research","Soriano","Gamochaeta americana","Plantae","Tracheophyta","Magnoliopsida","Asterales","Asteraceae","Gamochaeta"
"296","research","Durazno","Medicago arabica","Plantae","Tracheophyta","Magnoliopsida","Fabales","Fabaceae","Medicago"
"297","research","Soriano","Calea uniflora","Plantae","Tracheophyta","Magnoliopsida","Asterales","Asteraceae","Calea"
"298","research","Lavalleja","Hypochaeris megapotamica","Plantae","Tracheophyta","Magnoliopsida","Asterales","Asteraceae","Hypochaeris"
"299","research","Lavalleja","Hypochaeris variegata","Plantae","Tracheophyta","Magnoliopsida","Asterales","Asteraceae","Hypochaeris"
"300","research","Lavalleja","Chaptalia nutans","Plantae","Tracheophyta","Magnoliopsida","Asterales","Asteraceae","Chaptalia"
"301","research","Maldonado","Senecio tweediei","Plantae","Tracheophyta","Magnoliopsida","Asterales","Asteraceae","Senecio"
"302","research","Maldonado","Mimosa burkartii","Plantae","Tracheophyta","Magnoliopsida","Fabales","Fabaceae","Mimosa"
"303","research","Montevideo","Melilotus indicus","Plantae","Tracheophyta","Magnoliopsida","Fabales","Fabaceae","Melilotus"
"304","research","Montevideo","Holocheilus brasiliensis","Plantae","Tracheophyta","Magnoliopsida","Asterales","Asteraceae","Holocheilus"
"305","research","Colonia","Nierembergia rivularis","Plantae","Tracheophyta","Magnoliopsida","Solanales","Solanaceae","Nierembergia"
"306","research","San José","Vicia sativa","Plantae","Tracheophyta","Magnoliopsida","Fabales","Fabaceae","Vicia"
"307","research","Soriano","Angelphytum grisebachii","Plantae","Tracheophyta","Magnoliopsida","Asterales","Asteraceae","Angelphytum"
"308","research","Río Negro","Erythrostemon gilliesii","Plantae","Tracheophyta","Magnoliopsida","Fabales","Fabaceae","Erythrostemon"
"309","research","Treinta y Tres","Exostigma rivulare","Plantae","Tracheophyta","Magnoliopsida","Asterales","Asteraceae","Exostigma"
"310","research","Treinta y Tres","Gyptis commersonii","Plantae","Tracheophyta","Magnoliopsida","Asterales","Asteraceae","Gyptis"
"311","research","Tacuarembó","Parodia mueller-melchersii","Plantae","Tracheophyta","Magnoliopsida","Caryophyllales","Cactaceae","Parodia"
"312","research","Treinta y Tres","Radlkoferotoma cistifolium","Plantae","Tracheophyta","Magnoliopsida","Asterales","Asteraceae","Radlkoferotoma"
"313","research","Canelones","Senecio viravira","Plantae","Tracheophyta","Magnoliopsida","Asterales","Asteraceae","Senecio"
"314","research","Cerro Largo","Achillea millefolium","Plantae","Tracheophyta","Magnoliopsida","Asterales","Asteraceae","Achillea"
"315","research","Montevideo","Cosmos bipinnatus","Plantae","Tracheophyta","Magnoliopsida","Asterales","Asteraceae","Cosmos"
"316","research","Rocha","Solanum reineckii","Plantae","Tracheophyta","Magnoliopsida","Solanales","Solanaceae","Solanum"
"317","research","Maldonado","Galactia australis","Plantae","Tracheophyta","Magnoliopsida","Fabales","Fabaceae","Galactia"
"318","research","Rocha","Parodia erubescens","Plantae","Tracheophyta","Magnoliopsida","Caryophyllales","Cactaceae","Parodia"
"319","research","Rocha","Canavalia bonariensis","Plantae","Tracheophyta","Magnoliopsida","Fabales","Fabaceae","Canavalia"
"320","research","Río Negro","Opuntia sulphurea","Plantae","Tracheophyta","Magnoliopsida","Caryophyllales","Cactaceae","Opuntia"
"321","research","Río Negro","Calibrachoa parviflora","Plantae","Tracheophyta","Magnoliopsida","Solanales","Solanaceae","Calibrachoa"
"322","research","Colonia","Aeschynomene montevidensis","Plantae","Tracheophyta","Magnoliopsida","Fabales","Fabaceae","Aeschynomene"
"323","research","Montevideo","Erigeron canadensis","Plantae","Tracheophyta","Magnoliopsida","Asterales","Asteraceae","Erigeron"
"324","research","Rocha","Cotula coronopifolia","Plantae","Tracheophyta","Magnoliopsida","Asterales","Asteraceae","Cotula"
"325","research","Paysandú","Lactuca saligna","Plantae","Tracheophyta","Magnoliopsida","Asterales","Asteraceae","Lactuca"
"326","research","Maldonado","Gazania rigens","Plantae","Tracheophyta","Magnoliopsida","Asterales","Asteraceae","Gazania"
"327","research","Rocha","Brugmansia arborea","Plantae","Tracheophyta","Magnoliopsida","Solanales","Solanaceae","Brugmansia"
"328","research","Lavalleja","Panphalea heterophylla","Plantae","Tracheophyta","Magnoliopsida","Asterales","Asteraceae","Pamphalea"
"329","research","Rocha","Solanum platense","Plantae","Tracheophyta","Magnoliopsida","Solanales","Solanaceae","Solanum"
"330","research","Rocha","Jaborosa integrifolia","Plantae","Tracheophyta","Magnoliopsida","Solanales","Solanaceae","Jaborosa"
"331","research","Lavalleja","Mimosa pilulifera","Plantae","Tracheophyta","Magnoliopsida","Fabales","Fabaceae","Mimosa"
"332","research","Lavalleja","Calliandra selloi","Plantae","Tracheophyta","Magnoliopsida","Fabales","Fabaceae","Calliandra"
"333","research","San José","Glycine max","Plantae","Tracheophyta","Magnoliopsida","Fabales","Fabaceae","Glycine"
"334","research","Treinta y Tres","Clitoria nana","Plantae","Tracheophyta","Magnoliopsida","Fabales","Fabaceae","Clitoria"
"335","research","Río Negro","Podocoma hirsuta","Plantae","Tracheophyta","Magnoliopsida","Asterales","Asteraceae","Podocoma"
"336","research","Artigas","Harrisia regelii","Plantae","Tracheophyta","Magnoliopsida","Caryophyllales","Cactaceae","Harrisia"
"337","research","Artigas","Harrisia bonplandii","Plantae","Tracheophyta","Magnoliopsida","Caryophyllales","Cactaceae","Harrisia"
"338","research","Artigas","Arachis burkartii","Plantae","Tracheophyta","Magnoliopsida","Fabales","Fabaceae","Arachis"
"339","research","Canelones","Solanum aethiopicum","Plantae","Tracheophyta","Magnoliopsida","Solanales","Solanaceae","Solanum"
"340","research","Salto","Gleditsia amorphoides","Plantae","Tracheophyta","Magnoliopsida","Fabales","Fabaceae","Gleditsia"
"341","research","Artigas","Indigofera asperifolia","Plantae","Tracheophyta","Magnoliopsida","Fabales","Fabaceae","Indigofera"
"342","research","Artigas","Pterocaulon cordobense","Plantae","Tracheophyta","Magnoliopsida","Asterales","Asteraceae","Pterocaulon"
"343","research","Artigas","Hysterionica montevidensis","Plantae","Tracheophyta","Magnoliopsida","Asterales","Asteraceae","Hysterionica"
"344","research","Treinta y Tres","Stylosanthes leiocarpa","Plantae","Tracheophyta","Magnoliopsida","Fabales","Fabaceae","Stylosanthes"
"345","research","Río Negro","Lycium ciliatum","Plantae","Tracheophyta","Magnoliopsida","Solanales","Solanaceae","Lycium"
"346","research","Río Negro","Sclerophylax lorentzianus","Plantae","Tracheophyta","Magnoliopsida","Solanales","Solanaceae","Sclerophylax"
"347","research","Río Negro","Frailea schilinzkyana","Plantae","Tracheophyta","Magnoliopsida","Caryophyllales","Cactaceae","Frailea"
"348","research","Río Negro","Stevia aristata","Plantae","Tracheophyta","Magnoliopsida","Asterales","Asteraceae","Stevia"
"349","research","Río Negro","Trixis nobilis","Plantae","Tracheophyta","Magnoliopsida","Asterales","Asteraceae","Trixis"
"350","research","Cerro Largo","Lupinus lanatus","Plantae","Tracheophyta","Magnoliopsida","Fabales","Fabaceae","Lupinus"
"351","research","Río Negro","Stevia multiaristata","Plantae","Tracheophyta","Magnoliopsida","Asterales","Asteraceae","Stevia"
"352","research","Montevideo","Noticastrum marginatum","Plantae","Tracheophyta","Magnoliopsida","Asterales","Asteraceae","Noticastrum"
"353","research","Río Negro","Senna scabriuscula","Plantae","Tracheophyta","Magnoliopsida","Fabales","Fabaceae","Senna"
"354","research","Río Negro","Chamaecrista flexuosa","Plantae","Tracheophyta","Magnoliopsida","Fabales","Fabaceae","Chamaecrista"
"355","research","Río Negro","Tephrosia cinerea","Plantae","Tracheophyta","Magnoliopsida","Fabales","Fabaceae","Tephrosia"
"356","research","Río Negro","Gymnocalycium schroederianum","Plantae","Tracheophyta","Magnoliopsida","Caryophyllales","Cactaceae","Gymnocalycium"
"357","research","Montevideo","Cosmos sulphureus","Plantae","Tracheophyta","Magnoliopsida","Asterales","Asteraceae","Cosmos"
"358","research","Maldonado","Stylosanthes montevidensis","Plantae","Tracheophyta","Magnoliopsida","Fabales","Fabaceae","Stylosanthes"
"359","research","Maldonado","Solanum amygdalifolium","Plantae","Tracheophyta","Magnoliopsida","Solanales","Solanaceae","Solanum"
"360","research","Maldonado","Senecio ceratophylloides","Plantae","Tracheophyta","Magnoliopsida","Asterales","Asteraceae","Senecio"
"361","research","Rivera","Ancistrotropis clitorioides","Plantae","Tracheophyta","Magnoliopsida","Fabales","Fabaceae","Ancistrotropis"
"362","research","Río Negro","Silybum marianum","Plantae","Tracheophyta","Magnoliopsida","Asterales","Asteraceae","Silybum"
"363","research","Maldonado","Baccharis gnaphalioides","Plantae","Tracheophyta","Magnoliopsida","Asterales","Asteraceae","Baccharis"
"364","research","Paysandú","Facelis retusa","Plantae","Tracheophyta","Magnoliopsida","Asterales","Asteraceae","Facelis"
"365","research","Maldonado","Baccharis jocheniana","Plantae","Tracheophyta","Magnoliopsida","Asterales","Asteraceae","Baccharis"
"366","research","Canelones","Nicotiana tabacum","Plantae","Tracheophyta","Magnoliopsida","Solanales","Solanaceae","Nicotiana"
"367","research","Paysandú","Micropsis spathulata","Plantae","Tracheophyta","Magnoliopsida","Asterales","Asteraceae","Micropsis"
"368","research","Río Negro","Baccharis salicifolia","Plantae","Tracheophyta","Magnoliopsida","Asterales","Asteraceae","Baccharis"
"369","research","Río Negro","Taraxacum erythrospermum","Plantae","Tracheophyta","Magnoliopsida","Asterales","Asteraceae","Taraxacum"
"370","research","Paysandú","Medicago polymorpha","Plantae","Tracheophyta","Magnoliopsida","Fabales","Fabaceae","Medicago"
"371","research","Tacuarembó","Cestrum strigilatum","Plantae","Tracheophyta","Magnoliopsida","Solanales","Solanaceae","Cestrum"
"372","research","Río Negro","Pamphalea bupleurifolia","Plantae","Tracheophyta","Magnoliopsida","Asterales","Asteraceae","Pamphalea"
"373","research","Río Negro","Echinopsis rhodotricha","Plantae","Tracheophyta","Magnoliopsida","Caryophyllales","Cactaceae","Echinopsis"
"374","research","Soriano","Centaurea calcitrapa","Plantae","Tracheophyta","Magnoliopsida","Asterales","Asteraceae","Centaurea"
"375","research","Maldonado","Calibrachoa pubescens","Plantae","Tracheophyta","Magnoliopsida","Solanales","Solanaceae","Calibrachoa"
"376","research","Maldonado","Mimosa axillarioides","Plantae","Tracheophyta","Magnoliopsida","Fabales","Fabaceae","Mimosa"
"377","research","Maldonado","Mimosa schleidenii","Plantae","Tracheophyta","Magnoliopsida","Fabales","Fabaceae","Mimosa"
"378","research","Tacuarembó","Lathyrus subulatus","Plantae","Tracheophyta","Magnoliopsida","Fabales","Fabaceae","Lathyrus"
"379","research","Rivera","Lathyrus pusillus","Plantae","Tracheophyta","Magnoliopsida","Fabales","Fabaceae","Lathyrus"
"380","research","Treinta y Tres","Calibrachoa ovalifolia","Plantae","Tracheophyta","Magnoliopsida","Solanales","Solanaceae","Calibrachoa"
"381","research","Treinta y Tres","Gymnocalycium uruguayense","Plantae","Tracheophyta","Magnoliopsida","Caryophyllales","Cactaceae","Gymnocalycium"
"382","research","Colonia","Lupinus albescens","Plantae","Tracheophyta","Magnoliopsida","Fabales","Fabaceae","Lupinus"
"383","research","Florida","Senecio heterotrichius","Plantae","Tracheophyta","Magnoliopsida","Asterales","Asteraceae","Senecio"
"384","research","Treinta y Tres","Exostigma notobellidiastrum","Plantae","Tracheophyta","Magnoliopsida","Asterales","Asteraceae","Exostigma"
"385","research","Treinta y Tres","Stenachaenium riedelii","Plantae","Tracheophyta","Magnoliopsida","Asterales","Asteraceae","Stenachaenium"
"386","research","Maldonado","Stenachaenium megapotamicum","Plantae","Tracheophyta","Magnoliopsida","Asterales","Asteraceae","Stenachaenium"
"387","research","Rocha","Medicago minima","Plantae","Tracheophyta","Magnoliopsida","Fabales","Fabaceae","Medicago"
"388","research","Maldonado","Senecio angulatus","Plantae","Tracheophyta","Magnoliopsida","Asterales","Asteraceae","Senecio"
"389","research","Canelones","Carduus pycnocephalus","Plantae","Tracheophyta","Magnoliopsida","Asterales","Asteraceae","Carduus"
"390","research","Maldonado","Nierembergia ericoides","Plantae","Tracheophyta","Magnoliopsida","Solanales","Solanaceae","Nierembergia"
"391","research","Treinta y Tres","Pomaria pilosa","Plantae","Tracheophyta","Magnoliopsida","Fabales","Fabaceae","Pomaria"
"392","research","Montevideo","Solanum americanum","Plantae","Tracheophyta","Magnoliopsida","Solanales","Solanaceae","Solanum"
"393","research","Colonia","Calliandra parvifolia","Plantae","Tracheophyta","Magnoliopsida","Fabales","Fabaceae","Calliandra"
"394","research","Colonia","Tragopogon porrifolius","Plantae","Tracheophyta","Magnoliopsida","Asterales","Asteraceae","Tragopogon"
"395","research","Treinta y Tres","Mikania involucrata","Plantae","Tracheophyta","Magnoliopsida","Asterales","Asteraceae","Mikania"
"396","research","Rocha","Psoralea pinnata","Plantae","Tracheophyta","Magnoliopsida","Fabales","Fabaceae","Psoralea"
"397","research","Flores","Lotus subbiflorus","Plantae","Tracheophyta","Magnoliopsida","Fabales","Fabaceae","Lotus"
"398","research","Cerro Largo","Lessingianthus rubricaulis","Plantae","Tracheophyta","Magnoliopsida","Asterales","Asteraceae","Lessingianthus"
"399","research","Paysandú","Senna nana","Plantae","Tracheophyta","Magnoliopsida","Fabales","Fabaceae","Senna"
"400","research","Colonia","Galinsoga quadriradiata","Plantae","Tracheophyta","Magnoliopsida","Asterales","Asteraceae","Galinsoga"
"401","research","Rivera","Grazielia intermedia","Plantae","Tracheophyta","Magnoliopsida","Asterales","Asteraceae","Grazielia"
"402","research","Rivera","Calea cymosa","Plantae","Tracheophyta","Magnoliopsida","Asterales","Asteraceae","Calea"
"403","research","Rivera","Lessingianthus brevifolius","Plantae","Tracheophyta","Magnoliopsida","Asterales","Asteraceae","Lessingianthus"
"404","research","Rivera","Baccharis psiadioides","Plantae","Tracheophyta","Magnoliopsida","Asterales","Asteraceae","Baccharis"
"405","research","Rivera","Hysterionica chamomilloides","Plantae","Tracheophyta","Magnoliopsida","Asterales","Asteraceae","Hysterionica"
"406","research","Rivera","Galactia pretiosa","Plantae","Tracheophyta","Magnoliopsida","Fabales","Fabaceae","Galactia"
"407","research","Treinta y Tres","Gymnocalycium hyptiacanthum","Plantae","Tracheophyta","Magnoliopsida","Caryophyllales","Cactaceae","Gymnocalycium"
"408","research","Soriano","Dimerostemma grisebachii","Plantae","Tracheophyta","Magnoliopsida","Asterales","Asteraceae","Dimerostemma"
"409","research","Maldonado","Chaptalia integerrima","Plantae","Tracheophyta","Magnoliopsida","Asterales","Asteraceae","Chaptalia"
"410","research","Canelones","Baccharis genistifolia","Plantae","Tracheophyta","Magnoliopsida","Asterales","Asteraceae","Baccharis"
"411","research","Rivera","Parodia herteri","Plantae","Tracheophyta","Magnoliopsida","Caryophyllales","Cactaceae","Parodia"
"412","research","Tacuarembó","Parodia tenuicylindrica","Plantae","Tracheophyta","Magnoliopsida","Caryophyllales","Cactaceae","Parodia"
"413","research","Durazno","Calendula officinalis","Plantae","Tracheophyta","Magnoliopsida","Asterales","Asteraceae","Calendula"
"414","research","Maldonado","Galactia gracillima","Plantae","Tracheophyta","Magnoliopsida","Fabales","Fabaceae","Galactia"
"415","research","Río Negro","Albizia inundata","Plantae","Tracheophyta","Magnoliopsida","Fabales","Fabaceae","Albizia"
"416","research","Paysandú","Trichocline minuana","Plantae","Tracheophyta","Magnoliopsida","Asterales","Asteraceae","Trichocline"
"417","research","Maldonado","Poiretia tetraphylla","Plantae","Tracheophyta","Magnoliopsida","Fabales","Fabaceae","Poiretia"
"418","research","Artigas","Discolobium psoraleifolium","Plantae","Tracheophyta","Magnoliopsida","Fabales","Fabaceae","Discolobium"
"419","research","Paysandú","Lessingianthus sellowii","Plantae","Tracheophyta","Magnoliopsida","Asterales","Asteraceae","Lessingianthus"
"420","research","Colonia","Erigeron primulifolius","Plantae","Tracheophyta","Magnoliopsida","Asterales","Asteraceae","Erigeron"
"421","research","Tacuarembó","Microgyne marchesiana","Plantae","Tracheophyta","Magnoliopsida","Asterales","Asteraceae","Microgyne"
"422","research","Río Negro","Lessingianthus glabratus","Plantae","Tracheophyta","Magnoliopsida","Asterales","Asteraceae","Lessingianthus"
"423","research","Rocha","Barrosoa betoniciformis","Plantae","Tracheophyta","Magnoliopsida","Asterales","Asteraceae","Barrosoa"
"424","research","Maldonado","Lactuca sativa","Plantae","Tracheophyta","Magnoliopsida","Asterales","Asteraceae","Lactuca"
"425","research","Rocha","Chrysolaena platensis","Plantae","Tracheophyta","Magnoliopsida","Asterales","Asteraceae","Chrysolaena"
"426","research","Artigas","Pomaria rubicunda","Plantae","Tracheophyta","Magnoliopsida","Fabales","Fabaceae","Pomaria"
"427","research","Rivera","Desmodium arechavaletae","Plantae","Tracheophyta","Magnoliopsida","Fabales","Fabaceae","Desmodium"
"428","research","Salto","Cyrtocymura scorpioides","Plantae","Tracheophyta","Magnoliopsida","Asterales","Asteraceae","Cyrtocymura"
"429","research","Tacuarembó","Moquiniastrum polymorphum","Plantae","Tracheophyta","Magnoliopsida","Asterales","Asteraceae","Moquiniastrum"
"430","research","Cerro Largo","Gymnocalycium denudatum","Plantae","Tracheophyta","Magnoliopsida","Caryophyllales","Cactaceae","Gymnocalycium"
"431","research","Cerro Largo","Pterocaulon polypterum","Plantae","Tracheophyta","Magnoliopsida","Asterales","Asteraceae","Pterocaulon"
"432","research","Durazno","Hypochaeris grisebachii","Plantae","Tracheophyta","Magnoliopsida","Asterales","Asteraceae","Hypochaeris"
"433","research","Canelones","Desmanthus acuminatus","Plantae","Tracheophyta","Magnoliopsida","Fabales","Fabaceae","Desmanthus"
"434","research","Cerro Largo","Physalis viscosa","Plantae","Tracheophyta","Magnoliopsida","Solanales","Solanaceae","Physalis"
"435","research","Cerro Largo","Desmodium affine","Plantae","Tracheophyta","Magnoliopsida","Fabales","Fabaceae","Desmodium"
"436","research","Colonia","Aspilia silphioides","Plantae","Tracheophyta","Magnoliopsida","Asterales","Asteraceae","Aspilia"
"437","research","Montevideo","Mimosa bimucronata","Plantae","Tracheophyta","Magnoliopsida","Fabales","Fabaceae","Mimosa"
"438","research","Rivera","Baccharis anomala","Plantae","Tracheophyta","Magnoliopsida","Asterales","Asteraceae","Baccharis"
"439","research","Rocha","Adesmia latifolia","Plantae","Tracheophyta","Magnoliopsida","Fabales","Fabaceae","Adesmia"
"440","research","Cerro Largo","Lepismium cruciforme","Plantae","Tracheophyta","Magnoliopsida","Caryophyllales","Cactaceae","Lepismium"
"441","research","Cerro Largo","Parodia oxycostata","Plantae","Tracheophyta","Magnoliopsida","Caryophyllales","Cactaceae","Parodia"
"442","research","Cerro Largo","Dasyphyllum spinescens","Plantae","Tracheophyta","Magnoliopsida","Asterales","Asteraceae","Dasyphyllum"
"443","research","Río Negro","Mikania pinnatiloba","Plantae","Tracheophyta","Magnoliopsida","Asterales","Asteraceae","Mikania"
"444","research","Tacuarembó","Chrysolaena cognata","Plantae","Tracheophyta","Magnoliopsida","Asterales","Asteraceae","Chrysolaena"
"445","research","Río Negro","Rhynchosia senna","Plantae","Tracheophyta","Magnoliopsida","Fabales","Fabaceae","Rhynchosia"
"446","research","Treinta y Tres","Baccharis rectialata","Plantae","Tracheophyta","Magnoliopsida","Asterales","Asteraceae","Baccharis"
"447","research","Tacuarembó","Gyptis lanigera","Plantae","Tracheophyta","Magnoliopsida","Asterales","Asteraceae","Gyptis"
"448","research","Maldonado","Adesmia incana","Plantae","Tracheophyta","Magnoliopsida","Fabales","Fabaceae","Adesmia"
"449","research","Maldonado","Stenachaenium macrocephalum","Plantae","Tracheophyta","Magnoliopsida","Asterales","Asteraceae","Stenachaenium"
"450","research","Artigas","Rhipsalis cereuscula","Plantae","Tracheophyta","Magnoliopsida","Caryophyllales","Cactaceae","Rhipsalis"
"451","research","Artigas","Mimosa paupera","Plantae","Tracheophyta","Magnoliopsida","Fabales","Fabaceae","Mimosa"
"452","research","Salto","Mimosa pigra","Plantae","Tracheophyta","Magnoliopsida","Fabales","Fabaceae","Mimosa"
"453","research","Artigas","Macroptilium lathyroides","Plantae","Tracheophyta","Magnoliopsida","Fabales","Fabaceae","Macroptilium"
"454","research","Canelones","Mimosa magentea","Plantae","Tracheophyta","Magnoliopsida","Fabales","Fabaceae","Mimosa"
"455","research","Rocha","Tanacetum vulgare","Plantae","Tracheophyta","Magnoliopsida","Asterales","Asteraceae","Tanacetum"
"456","research","Artigas","Parapiptadenia rigida","Plantae","Tracheophyta","Magnoliopsida","Fabales","Fabaceae","Parapiptadenia"
"457","research","Rivera","Calea clematidea","Plantae","Tracheophyta","Magnoliopsida","Asterales","Asteraceae","Calea"
"458","research","Lavalleja","Lespedeza bicolor","Plantae","Tracheophyta","Magnoliopsida","Fabales","Fabaceae","Lespedeza"
"459","research","Durazno","Chrysanthellum indicum","Plantae","Tracheophyta","Magnoliopsida","Asterales","Asteraceae","Chrysanthellum"
"460","research","Rivera","Mikania anethifolia","Plantae","Tracheophyta","Magnoliopsida","Asterales","Asteraceae","Mikania"
"461","research","Rivera","Stevia cinerascens","Plantae","Tracheophyta","Magnoliopsida","Asterales","Asteraceae","Stevia"
"462","research","Rivera","Austroeupatorium laetevirens","Plantae","Tracheophyta","Magnoliopsida","Asterales","Asteraceae","Austroeupatorium"
"463","research","Rivera","Jungia floribunda","Plantae","Tracheophyta","Magnoliopsida","Asterales","Asteraceae","Jungia"
"464","research","Río Negro","Chromolaena callilepis","Plantae","Tracheophyta","Magnoliopsida","Asterales","Asteraceae","Chromolaena"
"465","research","Rocha","Solanum betaceum","Plantae","Tracheophyta","Magnoliopsida","Solanales","Solanaceae","Solanum"
"466","research","Colonia","Leptospron adenanthum","Plantae","Tracheophyta","Magnoliopsida","Fabales","Fabaceae","Leptospron"
"467","research","Rocha","Erechtites valerianifolius","Plantae","Tracheophyta","Magnoliopsida","Asterales","Asteraceae","Erechtites"
"468","research","Lavalleja","Chromolaena caaguazuensis","Plantae","Tracheophyta","Magnoliopsida","Asterales","Asteraceae","Chromolaena"
"469","research","Rocha","Baccharis breviseta","Plantae","Tracheophyta","Magnoliopsida","Asterales","Asteraceae","Baccharis"
"470","research","Maldonado","Santolina chamaecyparissus","Plantae","Tracheophyta","Magnoliopsida","Asterales","Asteraceae","Santolina"
"471","research","Tacuarembó","Galactia benthamiana","Plantae","Tracheophyta","Magnoliopsida","Fabales","Fabaceae","Galactia"
"472","research","Río Negro","Eclipta megapotamica","Plantae","Tracheophyta","Magnoliopsida","Asterales","Asteraceae","Eclipta"
"473","research","Rocha","Euryops chrysanthemoides","Plantae","Tracheophyta","Magnoliopsida","Asterales","Asteraceae","Euryops"
"474","research","Canelones","Raulinoreitzia tremula","Plantae","Tracheophyta","Magnoliopsida","Asterales","Asteraceae","Raulinoreitzia"
"475","research","Rocha","Adenostemma brasilianum","Plantae","Tracheophyta","Magnoliopsida","Asterales","Asteraceae","Adenostemma"
"476","research","Rivera","Solanum malmeanum","Plantae","Tracheophyta","Magnoliopsida","Solanales","Solanaceae","Solanum"
"477","research","Maldonado","Baccharis cultrata","Plantae","Tracheophyta","Magnoliopsida","Asterales","Asteraceae","Baccharis"
"478","research","Rivera","Rhynchosia corylifolia","Plantae","Tracheophyta","Magnoliopsida","Fabales","Fabaceae","Rhynchosia"
"479","research","Colonia","Senecio tamoides","Plantae","Tracheophyta","Magnoliopsida","Asterales","Asteraceae","Senecio"
"480","research","Paysandú","Calliandra parviflora","Plantae","Tracheophyta","Magnoliopsida","Fabales","Fabaceae","Calliandra"
"481","research","Río Negro","Lycium boerhaviifolium","Plantae","Tracheophyta","Magnoliopsida","Solanales","Solanaceae","Lycium"
"482","research","Río Negro","Stevia entreriensis","Plantae","Tracheophyta","Magnoliopsida","Asterales","Asteraceae","Stevia"
"483","research","Canelones","Senegalia picachensis","Plantae","Tracheophyta","Magnoliopsida","Fabales","Fabaceae","Senegalia"
"484","research","San José","Acacia baileyana","Plantae","Tracheophyta","Magnoliopsida","Fabales","Fabaceae","Acacia"
"485","research","Cerro Largo","Brasiliopuntia brasiliensis","Plantae","Tracheophyta","Magnoliopsida","Caryophyllales","Cactaceae","Brasiliopuntia"
"486","research","Maldonado","Lupinus linearis","Plantae","Tracheophyta","Magnoliopsida","Fabales","Fabaceae","Lupinus"
"487","research","Montevideo","Robinia pseudoacacia","Plantae","Tracheophyta","Magnoliopsida","Fabales","Fabaceae","Robinia"
"488","research","Rocha","Achyrocline flaccida","Plantae","Tracheophyta","Magnoliopsida","Asterales","Asteraceae","Achyrocline"
"489","research","Maldonado","Bauhinia variegata","Plantae","Tracheophyta","Magnoliopsida","Fabales","Fabaceae","Bauhinia"
"490","research","Maldonado","Delairea odorata","Plantae","Tracheophyta","Magnoliopsida","Asterales","Asteraceae","Delairea"
"491","research","Montevideo","Selenicereus undatus","Plantae","Tracheophyta","Magnoliopsida","Caryophyllales","Cactaceae","Selenicereus"
"492","research","Tacuarembó","Nicotiana alata","Plantae","Tracheophyta","Magnoliopsida","Solanales","Solanaceae","Nicotiana"
"493","research","Maldonado","Perezia squarrosa","Plantae","Tracheophyta","Magnoliopsida","Asterales","Asteraceae","Perezia"
"494","research","Tacuarembó","Radlkoferotoma berroi","Plantae","Tracheophyta","Magnoliopsida","Asterales","Asteraceae","Radlkoferotoma"
