,quality_grade,taxon_species_name,taxon_kingdom_name,taxon_phylum_name,taxon_class_name,taxon_order_name,taxon_family_name,taxon_genus_name,Distribution,Size (cm)
130,research,Boana pulchella,Animalia,Chordata,Amphibia,Anura,Hylidae,Boana,NA,NA
381,research,Chthonerpeton indistinctum,Animalia,Chordata,Amphibia,Gymnophiona,Typhlonectidae,Chthonerpeton,Rara,"43,5"
306,research,Dendropsophus minutus,Animalia,Chordata,Amphibia,Anura,Hylidae,Dendropsophus,Rara,"2,8"
192,research,Dendropsophus sanborni,Animalia,Chordata,Amphibia,Anura,Hylidae,Dendropsophus,Abundante,3
380,research,Elachistocleis bicolor,Animalia,Chordata,Amphibia,Anura,Microhylidae,Elachistocleis,Abundante,"4,3"
24,research,Leptodactylus gracilis,Animalia,Chordata,Amphibia,Anura,Leptodactylidae,Leptodactylus,Abundante,"4,5"
255,research,Leptodactylus latinasus,Animalia,Chordata,Amphibia,Anura,Leptodactylidae,Leptodactylus,Abundante,4
165,research,Leptodactylus luctator,Animalia,Chordata,Amphibia,Anura,Leptodactylidae,Leptodactylus,NA,NA
515,research,Leptodactylus macrosternum,Animalia,Chordata,Amphibia,Anura,Leptodactylidae,Leptodactylus,NA,NA
101,research,Leptodactylus mystacinus,Animalia,Chordata,Amphibia,Anura,Leptodactylidae,Leptodactylus,Abundante,6
281,research,Limnomedusa macroglossa,Animalia,Chordata,Amphibia,Anura,Alsodidae,Limnomedusa,Abundante,NA
311,research,Lithobates catesbeianus,Animalia,Chordata,Amphibia,Anura,Ranidae,Lithobates,Rara,"20,3"
533,research,Melanophryniscus atroluteus,Animalia,Chordata,Amphibia,Anura,Bufonidae,Melanophryniscus,Abundante,"2,8"
20,research,Melanophryniscus montevidensis,Animalia,Chordata,Amphibia,Anura,Bufonidae,Melanophryniscus,Rara,3
578,research,Melanophryniscus pachyrhynus,Animalia,Chordata,Amphibia,Anura,Bufonidae,Melanophryniscus,Rara,NA
162,research,Odontophrynus americanus,Animalia,Chordata,Amphibia,Anura,Odontophrynidae,Odontophrynus,Abundante,"5,1"
273,research,Phyllomedusa iheringii,Animalia,Chordata,Amphibia,Anura,Phyllomedusidae,Phyllomedusa,Abundante,"7,5"
104,research,Physalaemus biligonigerus,Animalia,Chordata,Amphibia,Anura,Leptodactylidae,Physalaemus,Abundante,4
178,research,Physalaemus gracilis,Animalia,Chordata,Amphibia,Anura,Leptodactylidae,Physalaemus,Abundante,4
516,research,Physalaemus henselii,Animalia,Chordata,Amphibia,Anura,Leptodactylidae,Physalaemus,Abundante,2
589,research,Physalaemus riograndensis,Animalia,Chordata,Amphibia,Anura,Leptodactylidae,Physalaemus,Abundante,"1,7"
382,research,Pleurodema bibroni,Animalia,Chordata,Amphibia,Anura,Leptodactylidae,Pleurodema,Abundante,NA
190,research,Pseudis minuta,Animalia,Chordata,Amphibia,Anura,Hylidae,Pseudis,Abundante,5
216,research,Pseudopaludicola falcipes,Animalia,Chordata,Amphibia,Anura,Leptodactylidae,Pseudopaludicola,Abundante,2
541,research,Rhinella achavali,Animalia,Chordata,Amphibia,Anura,Bufonidae,Rhinella,Comun,NA
31,research,Rhinella arenarum,Animalia,Chordata,Amphibia,Anura,Bufonidae,Rhinella,Comun,"11,5"
179,research,Rhinella diptycha,Animalia,Chordata,Amphibia,Anura,Bufonidae,Rhinella,NA,NA
5,research,Rhinella dorbignyi,Animalia,Chordata,Amphibia,Anura,Bufonidae,Rhinella,Comun,7
217,research,Scinax fuscovarius,Animalia,Chordata,Amphibia,Anura,Hylidae,Scinax,Rara,"5,5"
6,research,Scinax granulatus,Animalia,Chordata,Amphibia,Anura,Hylidae,Scinax,Abundante,4
291,research,Scinax nasicus,Animalia,Chordata,Amphibia,Anura,Hylidae,Scinax,Rara,"3,9"
241,research,Scinax squalirostris,Animalia,Chordata,Amphibia,Anura,Hylidae,Scinax,Abundante,3
415,research,Scinax uruguayus,Animalia,Chordata,Amphibia,Anura,Hylidae,Scinax,Abundante,"2,6"
233,research,Accipiter bicolor,Animalia,Chordata,Aves,Accipitriformes,Accipitridae,Accipiter,Abundante,35
135,research,Accipiter striatus,Animalia,Chordata,Aves,Accipitriformes,Accipitridae,Accipiter,Abundante,26
484,research,Actitis macularius,Animalia,Chordata,Aves,Charadriiformes,Scolopacidae,Actitis,Rara,17
462,research,Agapornis personatus,Animalia,Chordata,Aves,Psittaciformes,Psittaculidae,Agapornis,NA,NA
157,research,Agelaioides badius,Animalia,Chordata,Aves,Passeriformes,Icteridae,Agelaioides,Abundante,18
498,research,Agelasticus cyanopus,Animalia,Chordata,Aves,Passeriformes,Icteridae,Agelasticus,Rara,18
242,research,Agelasticus thilius,Animalia,Chordata,Aves,Passeriformes,Icteridae,Agelasticus,Abundante,17
593,research,Agriornis murinus,Animalia,Chordata,Aves,Passeriformes,Tyrannidae,Agriornis,Rara,16
360,research,Alopochelidon fucata,Animalia,Chordata,Aves,Passeriformes,Hirundinidae,Alopochelidon,Abundante,11
506,research,Amazona aestiva,Animalia,Chordata,Aves,Psittaciformes,Psittacidae,Amazona,NA,NA
12,research,Amazonetta brasiliensis,Animalia,Chordata,Aves,Anseriformes,Anatidae,Amazonetta,Abundante,36
322,research,Amblyramphus holosericeus,Animalia,Chordata,Aves,Passeriformes,Icteridae,Amblyramphus,Abundante,22
80,research,Ammodramus humeralis,Animalia,Chordata,Aves,Passeriformes,Passerellidae,Ammodramus,Comun,11
550,research,Anairetes flavirostris,Animalia,Chordata,Aves,Passeriformes,Tyrannidae,Anairetes,NA,NA
419,research,Anas bahamensis,Animalia,Chordata,Aves,Anseriformes,Anatidae,Anas,Abundante,39
113,research,Anas flavirostris,Animalia,Chordata,Aves,Anseriformes,Anatidae,Anas,Abundante,34
260,research,Anas georgica,Animalia,Chordata,Aves,Anseriformes,Anatidae,Anas,Abundante,44
121,research,Anas platyrhynchos,Animalia,Chordata,Aves,Anseriformes,Anatidae,Anas,NA,NA
480,research,Anhima cornuta,Animalia,Chordata,Aves,Anseriformes,Anhimidae,Anhima,Rara,84
471,research,Anhinga anhinga,Animalia,Chordata,Aves,Suliformes,Anhingidae,Anhinga,Abundante,66
112,research,Anser anser,Animalia,Chordata,Aves,Anseriformes,Anatidae,Anser,NA,NA
596,research,Anthracothorax nigricollis,Animalia,Chordata,Aves,Caprimulgiformes,Trochilidae,Anthracothorax,Rara,9
352,research,Anthus correndera,Animalia,Chordata,Aves,Passeriformes,Motacillidae,Anthus,Abundante,14
432,research,Anthus furcatus,Animalia,Chordata,Aves,Passeriformes,Motacillidae,Anthus,Abundante,14
325,research,Anthus hellmayri,Animalia,Chordata,Aves,Passeriformes,Motacillidae,Anthus,Abundante,14
38,research,Anthus lutescens,Animalia,Chordata,Aves,Passeriformes,Motacillidae,Anthus,Abundante,12
569,research,Anthus nattereri,Animalia,Chordata,Aves,Passeriformes,Motacillidae,Anthus,Rara,14
247,research,Anumbius annumbi,Animalia,Chordata,Aves,Passeriformes,Furnariidae,Anumbius,Abundante,18
4,research,Aramides cajaneus,Animalia,Chordata,Aves,Gruiformes,Rallidae,Aramides,Abundante,36
606,research,Aramides saracura,Animalia,Chordata,Aves,Gruiformes,Rallidae,Aramides,NA,NA
29,research,Aramides ypecaha,Animalia,Chordata,Aves,Gruiformes,Rallidae,Aramides,Abundante,45
47,research,Aramus guarauna,Animalia,Chordata,Aves,Gruiformes,Aramidae,Aramus,Abundante,55
567,research,Aratinga nenday,Animalia,Chordata,Aves,Psittaciformes,Psittacidae,Aratinga,Rara,30
82,research,Ardea alba,Animalia,Chordata,Aves,Pelecaniformes,Ardeidae,Ardea,Abundante,65
64,research,Ardea cocoi,Animalia,Chordata,Aves,Pelecaniformes,Ardeidae,Ardea,Abundante,75
418,research,Ardenna gravis,Animalia,Chordata,Aves,Procellariiformes,Procellariidae,Ardenna,Rara,45
439,research,Ardenna grisea,Animalia,Chordata,Aves,Procellariiformes,Procellariidae,Ardenna,Rara,50
142,research,Arenaria interpres,Animalia,Chordata,Aves,Charadriiformes,Scolopacidae,Arenaria,Rara,22
586,research,Asio clamator,Animalia,Chordata,Aves,Strigiformes,Strigidae,Asio,Abundante,38
272,research,Asio flammeus,Animalia,Chordata,Aves,Strigiformes,Strigidae,Asio,Abundante,40
435,research,Asthenes baeri,Animalia,Chordata,Aves,Passeriformes,Furnariidae,Asthenes,Abundante,14
563,research,Asthenes pyrrholeuca,Animalia,Chordata,Aves,Passeriformes,Furnariidae,Asthenes,Abundante,16
26,research,Athene cunicularia,Animalia,Chordata,Aves,Strigiformes,Strigidae,Athene,Abundante,25
200,research,Bartramia longicauda,Animalia,Chordata,Aves,Charadriiformes,Scolopacidae,Bartramia,Abundante,26
294,research,Basileuterus culicivorus,Animalia,Chordata,Aves,Passeriformes,Parulidae,Basileuterus,Abuntante,12
450,research,Botaurus pinnatus,Animalia,Chordata,Aves,Pelecaniformes,Ardeidae,Botaurus,Abundante,62
494,research,Brotogeris chiriri,Animalia,Chordata,Aves,Psittaciformes,Psittacidae,Brotogeris,Rara,20
205,research,Bubo virginianus,Animalia,Chordata,Aves,Strigiformes,Strigidae,Bubo,Abundante,51
109,research,Bubulcus ibis,Animalia,Chordata,Aves,Pelecaniformes,Ardeidae,Bubulcus,Abundante,37
507,research,Busarellus nigricollis,Animalia,Chordata,Aves,Accipitriformes,Accipitridae,Busarellus,Comun,48
299,research,Buteo swainsoni,Animalia,Chordata,Aves,Accipitriformes,Accipitridae,Buteo,Abundante,48
27,research,Buteogallus meridionalis,Animalia,Chordata,Aves,Accipitriformes,Accipitridae,Buteogallus,Abundante,51
487,research,Buteogallus urubitinga,Animalia,Chordata,Aves,Accipitriformes,Accipitridae,Buteogallus,Abundante,61
206,research,Butorides striata,Animalia,Chordata,Aves,Pelecaniformes,Ardeidae,Butorides,Abundante,34
372,research,Cacicus chrysopterus,Animalia,Chordata,Aves,Passeriformes,Icteridae,Cacicus,Comun,21
473,research,Cacicus haemorrhous,Animalia,Chordata,Aves,Passeriformes,Icteridae,Cacicus,Rara,24
495,research,Cacicus solitarius,Animalia,Chordata,Aves,Passeriformes,Icteridae,Cacicus,Abundante,24
259,research,Cairina moschata,Animalia,Chordata,Aves,Anseriformes,Anatidae,Cairina,Comun,73
280,research,Calidris alba,Animalia,Chordata,Aves,Charadriiformes,Scolopacidae,Calidris,Comun,19
476,research,Calidris bairdii,Animalia,Chordata,Aves,Charadriiformes,Scolopacidae,Calidris,Comun,17
326,research,Calidris canutus,Animalia,Chordata,Aves,Charadriiformes,Scolopacidae,Calidris,Comun,23
54,research,Calidris fuscicollis,Animalia,Chordata,Aves,Charadriiformes,Scolopacidae,Calidris,Abundante,16
414,research,Calidris himantopus,Animalia,Chordata,Aves,Charadriiformes,Scolopacidae,Calidris,Comun,21
167,research,Calidris melanotos,Animalia,Chordata,Aves,Charadriiformes,Scolopacidae,Calidris,Abundante,20
509,research,Calidris minutilla,Animalia,Chordata,Aves,Charadriiformes,Scolopacidae,Calidris,Rara,13
147,research,Calidris subruficollis,Animalia,Chordata,Aves,Charadriiformes,Scolopacidae,Calidris,Abundante,20
188,research,Callonetta leucophrys,Animalia,Chordata,Aves,Anseriformes,Anatidae,Callonetta,Abundante,31
556,research,Calonectris diomedea,Animalia,Chordata,Aves,Procellariiformes,Procellariidae,Calonectris,NA,NA
499,research,Campephilus leucopogon,Animalia,Chordata,Aves,Piciformes,Picidae,Campephilus,Comun,29
285,research,Camptostoma obsoletum,Animalia,Chordata,Aves,Passeriformes,Tyrannidae,Camptostoma,Abundante,9
60,research,Caracara plancus,Animalia,Chordata,Aves,Falconiformes,Falconidae,Caracara,Abundante,55
243,research,Carduelis carduelis,Animalia,Chordata,Aves,Passeriformes,Fringillidae,Carduelis,Comun,12
160,research,Cariama cristata,Animalia,Chordata,Aves,Cariamiformes,Cariamidae,Cariama,Abundante,70
544,research,Casiornis rufus,Animalia,Chordata,Aves,Passeriformes,Tyrannidae,Casiornis,Rara,16
43,research,Cathartes aura,Animalia,Chordata,Aves,Cathartiformes,Cathartidae,Cathartes,Abundante,60
57,research,Cathartes burrovianus,Animalia,Chordata,Aves,Cathartiformes,Cathartidae,Cathartes,Abundante,56
274,research,Certhiaxis cinnamomeus,Animalia,Chordata,Aves,Passeriformes,Furnariidae,Certhiaxis,Abundante,13
587,research,Chaetura meridionalis,Animalia,Chordata,Aves,Caprimulgiformes,Apodidae,Chaetura,Rara,12
68,research,Charadrius collaris,Animalia,Chordata,Aves,Charadriiformes,Charadriidae,Charadrius,Abundante,14
140,research,Charadrius falklandicus,Animalia,Chordata,Aves,Charadriiformes,Charadriidae,Charadrius,Comun,16
246,research,Charadrius modestus,Animalia,Chordata,Aves,Charadriiformes,Charadriidae,Charadrius,Abundante,19
50,research,Charadrius semipalmatus,Animalia,Chordata,Aves,Charadriiformes,Charadriidae,Charadrius,Rara,15
70,research,Chauna torquata,Animalia,Chordata,Aves,Anseriformes,Anhimidae,Chauna,Abundante,85
489,research,Chionis albus,Animalia,Chordata,Aves,Charadriiformes,Chionidae,Chionis,Rara,37
397,research,Chloris chloris,Animalia,Chordata,Aves,Passeriformes,Fringillidae,Chloris,Comun,14
78,research,Chloroceryle amazona,Animalia,Chordata,Aves,Coraciiformes,Alcedinidae,Chloroceryle,Abundante,26
89,research,Chloroceryle americana,Animalia,Chordata,Aves,Coraciiformes,Alcedinidae,Chloroceryle,Abundante,18
481,research,Chlorophonia cyanocephala,Animalia,Chordata,Aves,Passeriformes,Fringillidae,Chlorophonia,Rara,10
77,research,Chlorostilbon lucidus,Animalia,Chordata,Aves,Caprimulgiformes,Trochilidae,Chlorostilbon,Abundante,7
508,research,Chordeiles minor,Animalia,Chordata,Aves,Caprimulgiformes,Caprimulgidae,Chordeiles,Abundante,22
201,research,Chordeiles nacunda,Animalia,Chordata,Aves,Caprimulgiformes,Caprimulgidae,Chordeiles,Abundante,28
116,research,Chroicocephalus cirrocephalus,Animalia,Chordata,Aves,Charadriiformes,Laridae,Chroicocephalus,Abundante,38
51,research,Chroicocephalus maculipennis,Animalia,Chordata,Aves,Charadriiformes,Laridae,Chroicocephalus,Abundante,35
171,research,Chrysomus ruficapillus,Animalia,Chordata,Aves,Passeriformes,Icteridae,Chrysomus,Abundante,17
48,research,Ciconia maguari,Animalia,Chordata,Aves,Ciconiiformes,Ciconiidae,Ciconia,Abundante,85
304,research,Cinclodes fuscus,Animalia,Chordata,Aves,Passeriformes,Furnariidae,Cinclodes,Abundante,16
149,research,Circus buffoni,Animalia,Chordata,Aves,Accipitriformes,Accipitridae,Circus,Abundante,52
286,research,Circus cinereus,Animalia,Chordata,Aves,Accipitriformes,Accipitridae,Circus,Abundante,48
334,research,Cistothorus platensis,Animalia,Chordata,Aves,Passeriformes,Troglodytidae,Cistothorus,Abundante,10
564,research,Cnemotriccus fuscatus,Animalia,Chordata,Aves,Passeriformes,Tyrannidae,Cnemotriccus,Rara,12
346,research,Coccycua cinerea,Animalia,Chordata,Aves,Cuculiformes,Cuculidae,Coccycua,Abundante,22
388,research,Coccyzus melacoryphus,Animalia,Chordata,Aves,Cuculiformes,Cuculidae,Coccyzus,Abundante,28
510,research,Coereba flaveola,Animalia,Chordata,Aves,Passeriformes,Thraupidae,Coereba,Comun,10
10,research,Colaptes campestris,Animalia,Chordata,Aves,Piciformes,Picidae,Colaptes,Abundante,27
35,research,Colaptes melanochloros,Animalia,Chordata,Aves,Piciformes,Picidae,Colaptes,Abundante,23
117,research,Columba livia,Animalia,Chordata,Aves,Columbiformes,Columbidae,Columba,Abundante,33
250,research,Columbina picui,Animalia,Chordata,Aves,Columbiformes,Columbidae,Columbina,Abundante,15
461,research,Columbina talpacoti,Animalia,Chordata,Aves,Columbiformes,Columbidae,Columbina,Abundante,15
528,research,Conopophaga lineata,Animalia,Chordata,Aves,Passeriformes,Conopophagidae,Conopophaga,Rara,11
58,research,Coragyps atratus,Animalia,Chordata,Aves,Cathartiformes,Cathartidae,Coragyps,Abundante,53
555,research,Corvus splendens,Animalia,Chordata,Aves,Passeriformes,Corvidae,Corvus,NA,NA
474,research,Coryphistera alaudina,Animalia,Chordata,Aves,Passeriformes,Furnariidae,Coryphistera,Comun,15
436,research,Coryphospingus cucullatus,Animalia,Chordata,Aves,Passeriformes,Thraupidae,Coryphospingus,Abundante,12
136,research,Coscoroba coscoroba,Animalia,Chordata,Aves,Anseriformes,Anatidae,Coscoroba,Abundante,71
302,research,Cranioleuca pyrrhophia,Animalia,Chordata,Aves,Passeriformes,Furnariidae,Cranioleuca,Abundante,14
539,research,Crotophaga ani,Animalia,Chordata,Aves,Cuculiformes,Cuculidae,Crotophaga,Abundante,32
521,research,Crotophaga major,Animalia,Chordata,Aves,Cuculiformes,Cuculidae,Crotophaga,Rara,42
531,research,Crypturellus obsoletus,Animalia,Chordata,Aves,Tinamiformes,Tinamidae,Crypturellus,Rara,30
559,research,Culicivora caudacuta,Animalia,Chordata,Aves,Passeriformes,Tyrannidae,Culicivora,Abuntante,10
535,research,Cyanocorax caeruleus,Animalia,Chordata,Aves,Passeriformes,Corvidae,Cyanocorax,Rara,35
61,research,Cyanocorax chrysops,Animalia,Chordata,Aves,Passeriformes,Corvidae,Cyanocorax,Abundante,32
438,research,Cyanoloxia brissonii,Animalia,Chordata,Aves,Passeriformes,Cardinalidae,Cyanoloxia,Abundante,16
340,research,Cyanoloxia glaucocaerulea,Animalia,Chordata,Aves,Passeriformes,Cardinalidae,Cyanoloxia,Abundante,14
275,research,Cyclarhis gujanensis,Animalia,Chordata,Aves,Passeriformes,Vireonidae,Cyclarhis,Abundante,16
127,research,Cygnus melancoryphus,Animalia,Chordata,Aves,Anseriformes,Anatidae,Cygnus,Abundante,90
422,research,Dendrocolaptes platyrostris,Animalia,Chordata,Aves,Passeriformes,Furnariidae,Dendrocolaptes,Rara,25
500,research,Dendrocygna autumnalis,Animalia,Chordata,Aves,Anseriformes,Anatidae,Dendrocygna,Comun,41
141,research,Dendrocygna bicolor,Animalia,Chordata,Aves,Anseriformes,Anatidae,Dendrocygna,Abundante,41
72,research,Dendrocygna viduata,Animalia,Chordata,Aves,Anseriformes,Anatidae,Dendrocygna,Abundante,42
367,research,Diomedea epomophora,Animalia,Chordata,Aves,Procellariiformes,Diomedeidae,Diomedea,Rara,115
585,research,Dolichonyx oryzivorus,Animalia,Chordata,Aves,Passeriformes,Icteridae,Dolichonyx,Rara,16
256,research,Donacospiza albifrons,Animalia,Chordata,Aves,Passeriformes,Thraupidae,Donacospiza,Abundante,14
146,research,Drymornis bridgesii,Animalia,Chordata,Aves,Passeriformes,Furnariidae,Drymornis,Abundante,26
287,research,Dryobates mixtus,Animalia,Chordata,Aves,Piciformes,Picidae,Dryobates,Comun,16
209,research,Dryobates spilogaster,Animalia,Chordata,Aves,Piciformes,Picidae,Dryobates,Abundante,14
420,research,Egretta caerulea,Animalia,Chordata,Aves,Pelecaniformes,Ardeidae,Egretta,Rara,40
18,research,Egretta thula,Animalia,Chordata,Aves,Pelecaniformes,Ardeidae,Egretta,Abundante,39
359,research,Elaenia albiceps,Animalia,Chordata,Aves,Passeriformes,Tyrannidae,Elaenia,Abundante,13
561,research,Elaenia flavogaster,Animalia,Chordata,Aves,Passeriformes,Tyrannidae,Elaenia,Rara,14
560,research,Elaenia mesoleuca,Animalia,Chordata,Aves,Passeriformes,Tyrannidae,Elaenia,Comun,14
33,research,Elaenia parvirostris,Animalia,Chordata,Aves,Passeriformes,Tyrannidae,Elaenia,Abundante,13
240,research,Elaenia sordida,Animalia,Chordata,Aves,Passeriformes,Tyrannidae,Elaenia,Rara ,16
455,research,Elaenia spectabilis,Animalia,Chordata,Aves,Passeriformes,Tyrannidae,Elaenia,Comun,16
409,research,Elanoides forficatus,Animalia,Chordata,Aves,Accipitriformes,Accipitridae,Elanoides,Rara,56
254,research,Elanus leucurus,Animalia,Chordata,Aves,Accipitriformes,Accipitridae,Elanus,Abundante,40
562,research,Emberizoides herbicola,Animalia,Chordata,Aves,Passeriformes,Thraupidae,Emberizoides,Rara,18
197,research,Emberizoides ypiranganus,Animalia,Chordata,Aves,Passeriformes,Thraupidae,Emberizoides,Abundante,16
34,research,Embernagra platensis,Animalia,Chordata,Aves,Passeriformes,Thraupidae,Embernagra,Abundante,20
300,research,Empidonomus aurantioatrocristatus,Animalia,Chordata,Aves,Passeriformes,Tyrannidae,Empidonomus,Abundante,17
366,research,Empidonomus varius,Animalia,Chordata,Aves,Passeriformes,Tyrannidae,Empidonomus,Abundante,17
279,research,Eudyptes chrysolophus,Animalia,Chordata,Aves,Sphenisciformes,Spheniscidae,Eudyptes,Rara,10
501,research,Eupetomena macroura,Animalia,Chordata,Aves,Caprimulgiformes,Trochilidae,Eupetomena,Rara,17
486,research,Euphonia chlorotica,Animalia,Chordata,Aves,Passeriformes,Fringillidae,Euphonia,Rara,9
341,research,Euscarthmus meloryphus,Animalia,Chordata,Aves,Passeriformes,Tyrannidae,Euscarthmus,Abundante,10
137,research,Falco femoralis,Animalia,Chordata,Aves,Falconiformes,Falconidae,Falco,Abundante,35
320,research,Falco peregrinus,Animalia,Chordata,Aves,Falconiformes,Falconidae,Falco,Abundante,39
184,research,Falco sparverius,Animalia,Chordata,Aves,Falconiformes,Falconidae,Falco,Abundante,26
431,research,Florisuga fusca,Animalia,Chordata,Aves,Caprimulgiformes,Trochilidae,Florisuga,Abundante,9
482,research,Fluvicola albiventer,Animalia,Chordata,Aves,Passeriformes,Tyrannidae,Fluvicola,Abundante,12
595,research,Fluvicola nengeta,Animalia,Chordata,Aves,Passeriformes,Tyrannidae,Fluvicola,Rara,15
374,research,Fregata magnificens,Animalia,Chordata,Aves,Suliformes,Fregatidae,Fregata,Rara,65
22,research,Fulica armillata,Animalia,Chordata,Aves,Gruiformes,Rallidae,Fulica,Abundante,35
395,research,Fulica leucoptera,Animalia,Chordata,Aves,Gruiformes,Rallidae,Fulica,Abundante,30
394,research,Fulica rufifrons,Animalia,Chordata,Aves,Gruiformes,Rallidae,Fulica,Abundante,32
63,research,Furnarius rufus,Animalia,Chordata,Aves,Passeriformes,Furnariidae,Furnarius,Abundante,18
591,research,Gallinago magellanica,Animalia,Chordata,Aves,Charadriiformes,Scolopacidae,Gallinago,NA,NA
172,research,Gallinago paraguaiae,Animalia,Chordata,Aves,Charadriiformes,Scolopacidae,Gallinago,Abundante,25
110,research,Gallinula galeata,Animalia,Chordata,Aves,Gruiformes,Rallidae,Gallinula,Abundante,33
570,research,Gelochelidon nilotica,Animalia,Chordata,Aves,Charadriiformes,Laridae,Gelochelidon,Comun,34
155,research,Geositta cunicularia,Animalia,Chordata,Aves,Passeriformes,Furnariidae,Geositta,Abundante,14
210,research,Geothlypis aequinoctialis,Animalia,Chordata,Aves,Passeriformes,Parulidae,Geothlypis,Abundante,13
460,research,Geotrygon montana,Animalia,Chordata,Aves,Columbiformes,Columbidae,Geotrygon,Rara,22
88,research,Geranoaetus albicaudatus,Animalia,Chordata,Aves,Accipitriformes,Accipitridae,Geranoaetus,Abundante,53
222,research,Geranoaetus melanoleucus,Animalia,Chordata,Aves,Accipitriformes,Accipitridae,Geranoaetus,Abundante,65
343,research,Geranospiza caerulescens,Animalia,Chordata,Aves,Accipitriformes,Accipitridae,Geranospiza,Abundante,46
364,research,Glaucidium brasilianum,Animalia,Chordata,Aves,Strigiformes,Strigidae,Glaucidium,Abundante,18
309,research,Gnorimopsar chopi,Animalia,Chordata,Aves,Passeriformes,Icteridae,Gnorimopsar,Abundante,22
488,research,Gubernatrix cristata,Animalia,Chordata,Aves,Passeriformes,Thraupidae,Gubernatrix,Abundante,18
297,research,Gubernetes yetapa,Animalia,Chordata,Aves,Passeriformes,Tyrannidae,Gubernetes,Rara,40
53,research,Guira guira,Animalia,Chordata,Aves,Cuculiformes,Cuculidae,Guira,Abundante,36
305,research,Haematopus ater,Animalia,Chordata,Aves,Charadriiformes,Haematopodidae,Haematopus,Rara,36
3,research,Haematopus palliatus,Animalia,Chordata,Aves,Charadriiformes,Haematopodidae,Haematopus,Comun,35
576,research,Halobaena caerulea,Animalia,Chordata,Aves,Procellariiformes,Procellariidae,Halobaena,Rara,29
529,research,Heliobletus contaminatus,Animalia,Chordata,Aves,Passeriformes,Furnariidae,Heliobletus,Rara,12
308,research,Heliomaster furcifer,Animalia,Chordata,Aves,Caprimulgiformes,Trochilidae,Heliomaster,Comun,10
602,research,Hemithraupis guira,Animalia,Chordata,Aves,Passeriformes,Thraupidae,Hemithraupis,NA,NA
485,research,Hemithraupis ruficapilla,Animalia,Chordata,Aves,Passeriformes,Thraupidae,Hemithraupis,Rara,13
456,research,Hemitriccus margaritaceiventer,Animalia,Chordata,Aves,Passeriformes,Tyrannidae,Hemitriccus,Comun,10
502,research,Heteronetta atricapilla,Animalia,Chordata,Aves,Anseriformes,Anatidae,Heteronetta,Abundante,36
30,research,Heteroxolmis dominicana,Animalia,Chordata,Aves,Passeriformes,Tyrannidae,Heteroxolmis,NA,NA
75,research,Himantopus mexicanus,Animalia,Chordata,Aves,Charadriiformes,Recurvirostridae,Himantopus,Abundante ,38
153,research,Hirundinea ferruginea,Animalia,Chordata,Aves,Passeriformes,Tyrannidae,Hirundinea,Abuntante,16
253,research,Hirundo rustica,Animalia,Chordata,Aves,Passeriformes,Hirundinidae,Hirundo,Abundante,16
169,research,Hydropsalis torquata,Animalia,Chordata,Aves,Caprimulgiformes,Caprimulgidae,Hydropsalis,Abundante,40
131,research,Hylocharis chrysura,Animalia,Chordata,Aves,Caprimulgiformes,Trochilidae,Hylocharis,Abundante,8
59,research,Hymenops perspicillatus,Animalia,Chordata,Aves,Passeriformes,Tyrannidae,Hymenops,Abundante,13
65,research,Icterus pyrrhopterus,Animalia,Chordata,Aves,Passeriformes,Icteridae,Icterus,Abundante,19
451,research,Ictinia mississippiensis,Animalia,Chordata,Aves,Accipitriformes,Accipitridae,Ictinia,Rara,37
174,research,Ixobrychus involucris,Animalia,Chordata,Aves,Pelecaniformes,Ardeidae,Ixobrychus,Rara,28
581,research,Jabiru mycteria,Animalia,Chordata,Aves,Ciconiiformes,Ciconiidae,Jabiru,Rara,110
74,research,Jacana jacana,Animalia,Chordata,Aves,Charadriiformes,Jacanidae,Jacana,Abundante,25
266,research,Knipolegus cyanirostris,Animalia,Chordata,Aves,Passeriformes,Tyrannidae,Knipolegus,Abundante,14
298,research,Knipolegus lophotes,Animalia,Chordata,Aves,Passeriformes,Tyrannidae,Knipolegus,Abuntante,19
2,research,Larus atlanticus,Animalia,Chordata,Aves,Charadriiformes,Laridae,Larus,Rara,48
16,research,Larus dominicanus,Animalia,Chordata,Aves,Charadriiformes,Laridae,Larus,Abundante,55
492,research,Laterallus leucopyrrhus,Animalia,Chordata,Aves,Gruiformes,Rallidae,Laterallus,Abundante,17
427,research,Laterallus melanophaius,Animalia,Chordata,Aves,Gruiformes,Rallidae,Laterallus,Abundante,18
503,research,Lathrotriccus euleri,Animalia,Chordata,Aves,Passeriformes,Tyrannidae,Lathrotriccus,Abuntante,12
316,research,Leistes defilippii,Animalia,Chordata,Aves,Passeriformes,Icteridae,Leistes,Rara,19
71,research,Leistes superciliaris,Animalia,Chordata,Aves,Passeriformes,Icteridae,Leistes,Abundante,17
122,research,Lepidocolaptes angustirostris,Animalia,Chordata,Aves,Passeriformes,Furnariidae,Lepidocolaptes,Abundante,18
423,research,Lepidocolaptes falcinellus,Animalia,Chordata,Aves,Passeriformes,Furnariidae,Lepidocolaptes,Rara,17
361,research,Leptasthenura platensis,Animalia,Chordata,Aves,Passeriformes,Furnariidae,Leptasthenura,Abundante,16
519,research,Leptopogon amaurocephalus,Animalia,Chordata,Aves,Passeriformes,Tyrannidae,Leptopogon,NA,NA
270,research,Leptotila rufaxilla,Animalia,Chordata,Aves,Columbiformes,Columbidae,Leptotila,Abundante,25
258,research,Leptotila verreauxi,Animalia,Chordata,Aves,Columbiformes,Columbidae,Leptotila,Abundante,26
262,research,Lessonia rufa,Animalia,Chordata,Aves,Passeriformes,Tyrannidae,Lessonia,Abuntante,11
549,research,Leucocarbo atriceps,Animalia,Chordata,Aves,Suliformes,Phalacrocoracidae,Leucocarbo,NA,NA
120,research,Leucochloris albicollis,Animalia,Chordata,Aves,Caprimulgiformes,Trochilidae,Leucochloris,Abundante,8
584,research,Leucophaeus pipixcan,Animalia,Chordata,Aves,Charadriiformes,Laridae,Leucophaeus,Rara,33
211,research,Limnoctites rectirostris,Animalia,Chordata,Aves,Passeriformes,Furnariidae,Limnoctites,Abundante,15
276,research,Limnoctites sulphuriferus,Animalia,Chordata,Aves,Passeriformes,Furnariidae,Limnoctites,NA,NA
483,research,Limnornis curvirostris,Animalia,Chordata,Aves,Passeriformes,Furnariidae,Limnornis,Abundante,16
139,research,Limosa haemastica,Animalia,Chordata,Aves,Charadriiformes,Scolopacidae,Limosa,Comun,34
229,research,Lochmias nematura,Animalia,Chordata,Aves,Passeriformes,Furnariidae,Lochmias,Abundante,13
119,research,Machetornis rixosa,Animalia,Chordata,Aves,Passeriformes,Tyrannidae,Machetornis,Abundante,17
349,research,Mackenziaena leachii,Animalia,Chordata,Aves,Passeriformes,Thamnophilidae,Mackenziaena,Rara,25
238,research,Macronectes giganteus,Animalia,Chordata,Aves,Procellariiformes,Procellariidae,Macronectes,Rara,95
428,research,Macronectes halli,Animalia,Chordata,Aves,Procellariiformes,Procellariidae,Macronectes,Rara,90
405,research,Mareca sibilatrix,Animalia,Chordata,Aves,Anseriformes,Anatidae,Mareca,Abundante,43
125,research,Megaceryle torquata,Animalia,Chordata,Aves,Coraciiformes,Alcedinidae,Megaceryle,Abundante,36
542,research,Megarynchus pitangua,Animalia,Chordata,Aves,Passeriformes,Tyrannidae,Megarynchus,Rara,21
168,research,Megascops choliba,Animalia,Chordata,Aves,Strigiformes,Strigidae,Megascops,Abundante,23
490,research,Megascops sanctaecatarinae,Animalia,Chordata,Aves,Strigiformes,Strigidae,Megascops,Abundante,28
504,research,Melanerpes cactorum,Animalia,Chordata,Aves,Piciformes,Picidae,Melanerpes,Comun,16
208,research,Melanerpes candidus,Animalia,Chordata,Aves,Piciformes,Picidae,Melanerpes,Abundante,24
347,research,Melopsittacus undulatus,Animalia,Chordata,Aves,Psittaciformes,Psittaculidae,Melopsittacus,NA,NA
339,research,Microspingus cabanisi,Animalia,Chordata,Aves,Passeriformes,Thraupidae,Microspingus,Abundante,13
437,research,Microspingus melanoleucus,Animalia,Chordata,Aves,Passeriformes,Thraupidae,Microspingus,Abundante,12
594,research,Microspingus torquatus,Animalia,Chordata,Aves,Passeriformes,Thraupidae,Microspingus,Rara,14
342,research,Milvago chimachima,Animalia,Chordata,Aves,Falconiformes,Falconidae,Milvago,Abundante,37
14,research,Milvago chimango,Animalia,Chordata,Aves,Falconiformes,Falconidae,Milvago,Abundante,37
17,research,Mimus saturninus,Animalia,Chordata,Aves,Passeriformes,Mimidae,Mimus,Abundante,25
267,research,Mimus triurus,Animalia,Chordata,Aves,Passeriformes,Mimidae,Mimus,Abundante,20
115,research,Molothrus bonariensis,Animalia,Chordata,Aves,Passeriformes,Icteridae,Molothrus,Abundante,19
377,research,Molothrus rufoaxillaris,Animalia,Chordata,Aves,Passeriformes,Icteridae,Molothrus,Abundante,18
375,research,Muscisaxicola albilora,Animalia,Chordata,Aves,Passeriformes,Tyrannidae,Muscisaxicola,Rara,17
398,research,Muscisaxicola maclovianus,Animalia,Chordata,Aves,Passeriformes,Tyrannidae,Muscisaxicola,Abundante,15
579,research,Mustelirallus albicollis,Animalia,Chordata,Aves,Gruiformes,Rallidae,Mustelirallus,Rara,21
193,research,Mycteria americana,Animalia,Chordata,Aves,Ciconiiformes,Ciconiidae,Mycteria,Abundante,65
543,research,Myiarchus ferox,Animalia,Chordata,Aves,Passeriformes,Tyrannidae,Myiarchus,Rara,18
123,research,Myiarchus swainsoni,Animalia,Chordata,Aves,Passeriformes,Tyrannidae,Myiarchus,Abundante,18
511,research,Myiarchus tyrannulus,Animalia,Chordata,Aves,Passeriformes,Tyrannidae,Myiarchus,Rara,18
191,research,Myiodynastes maculatus,Animalia,Chordata,Aves,Passeriformes,Tyrannidae,Myiodynastes,Abundante,19
566,research,Myiopagis viridicata,Animalia,Chordata,Aves,Passeriformes,Tyrannidae,Myiopagis,Abundante,12
257,research,Myiophobus fasciatus,Animalia,Chordata,Aves,Passeriformes,Tyrannidae,Myiophobus,Abuntante,12
9,research,Myiopsitta monachus,Animalia,Chordata,Aves,Psittaciformes,Psittacidae,Myiopsitta,Abundante,27
337,research,Myiothlypis leucoblephara,Animalia,Chordata,Aves,Passeriformes,Parulidae,Myiothlypis,Abundante,12
15,research,Nannopterum brasilianum,Animalia,Chordata,Aves,Suliformes,Phalacrocoracidae,Nannopterum,Abundante,63
568,research,Nemosia pileata,Animalia,Chordata,Aves,Passeriformes,Thraupidae,Nemosia,Rara,13
81,research,Nengetus cinereus,Animalia,Chordata,Aves,Passeriformes,Tyrannidae,Nengetus,NA,NA
479,research,Neoxolmis coronatus,Animalia,Chordata,Aves,Passeriformes,Tyrannidae,Neoxolmis,Abundante,20
442,research,Neoxolmis rufiventris,Animalia,Chordata,Aves,Passeriformes,Tyrannidae,Neoxolmis,Abundante,23
421,research,Netta peposaca,Animalia,Chordata,Aves,Anseriformes,Anatidae,Netta,Abundante,46
402,research,Nomonyx dominicus,Animalia,Chordata,Aves,Anseriformes,Anatidae,Nomonyx,Abundante,33
95,research,Nothura maculosa,Animalia,Chordata,Aves,Tinamiformes,Tinamidae,Nothura,Abundante,25
496,research,Numenius phaeopus,Animalia,Chordata,Aves,Charadriiformes,Scolopacidae,Numenius,Rara,37
491,research,Nyctibius griseus,Animalia,Chordata,Aves,Caprimulgiformes,Nyctibiidae,Nyctibius,Comun,35
45,research,Nycticorax nycticorax,Animalia,Chordata,Aves,Pelecaniformes,Ardeidae,Nycticorax,Abundante,47
454,research,Nycticryphes semicollaris,Animalia,Chordata,Aves,Charadriiformes,Rostratulidae,Nycticryphes,Abundante,19
592,research,Nyctidromus albicollis,Animalia,Chordata,Aves,Caprimulgiformes,Caprimulgidae,Nyctidromus,Rara,29
557,research,Oceanites oceanicus,Animalia,Chordata,Aves,Procellariiformes,Oceanitidae,Oceanites,Rara,17
333,research,Oreopholus ruficollis,Animalia,Chordata,Aves,Charadriiformes,Charadriidae,Oreopholus,Abundante,27
443,research,Oxyura vittata,Animalia,Chordata,Aves,Anseriformes,Anatidae,Oxyura,Comun,35
512,research,Pachyptila belcheri,Animalia,Chordata,Aves,Procellariiformes,Procellariidae,Pachyptila,Rara,26
148,research,Pachyramphus polychopterus,Animalia,Chordata,Aves,Passeriformes,Tityridae,Pachyramphus,Abundante,15
505,research,Pachyramphus validus,Animalia,Chordata,Aves,Passeriformes,Tityridae,Pachyramphus,Rara,17
198,research,Pachyramphus viridis,Animalia,Chordata,Aves,Passeriformes,Tityridae,Pachyramphus,Abundante,14
329,research,Pandion haliaetus,Animalia,Chordata,Aves,Accipitriformes,Pandionidae,Pandion,Abundante,58
111,research,Parabuteo unicinctus,Animalia,Chordata,Aves,Accipitriformes,Accipitridae,Parabuteo,Abundante,50
545,research,Pardirallus maculatus,Animalia,Chordata,Aves,Gruiformes,Rallidae,Pardirallus,Abundante,26
228,research,Pardirallus sanguinolentus,Animalia,Chordata,Aves,Gruiformes,Rallidae,Pardirallus,Abundante,29
466,research,Paroaria capitata,Animalia,Chordata,Aves,Passeriformes,Thraupidae,Paroaria,Rara,16
1,research,Paroaria coronata,Animalia,Chordata,Aves,Passeriformes,Thraupidae,Paroaria,Abundante,17
100,research,Passer domesticus,Animalia,Chordata,Aves,Passeriformes,Passeridae,Passer,Abundante,13
468,research,Patagioenas cayennensis,Animalia,Chordata,Aves,Columbiformes,Columbidae,Patagioenas,Comun,30
99,research,Patagioenas maculosa,Animalia,Chordata,Aves,Columbiformes,Columbidae,Patagioenas,Abundante,33
86,research,Patagioenas picazuro,Animalia,Chordata,Aves,Columbiformes,Columbidae,Patagioenas,Abundante,35
158,research,Penelope obscura,Animalia,Chordata,Aves,Galliformes,Cracidae,Penelope,Abundante,69
389,research,Petrochelidon pyrrhonota,Animalia,Chordata,Aves,Passeriformes,Hirundinidae,Petrochelidon,Abundante,14
530,research,Phacellodomus ferrugineigula,Animalia,Chordata,Aves,Passeriformes,Furnariidae,Phacellodomus,Rara,18
478,research,Phacellodomus ruber,Animalia,Chordata,Aves,Passeriformes,Furnariidae,Phacellodomus,Rara,18
379,research,Phacellodomus sibilatrix,Animalia,Chordata,Aves,Passeriformes,Furnariidae,Phacellodomus,Abundante,12
264,research,Phacellodomus striaticollis,Animalia,Chordata,Aves,Passeriformes,Furnariidae,Phacellodomus,Comun,16
472,research,Phaetusa simplex,Animalia,Chordata,Aves,Charadriiformes,Laridae,Phaetusa,Comun,38
445,research,Phalaropus tricolor,Animalia,Chordata,Aves,Charadriiformes,Scolopacidae,Phalaropus,Abundante,21
83,research,Phimosus infuscatus,Animalia,Chordata,Aves,Pelecaniformes,Threskiornithidae,Phimosus,Abundante,40
226,research,Phleocryptes melanops,Animalia,Chordata,Aves,Passeriformes,Furnariidae,Phleocryptes,Abundante,13
223,research,Phoenicopterus chilensis,Animalia,Chordata,Aves,Phoenicopteriformes,Phoenicopteridae,Phoenicopterus,Rara,75
574,research,Phyllomyias burmeisteri,Animalia,Chordata,Aves,Passeriformes,Tyrannidae,Phyllomyias,Rara,11
204,research,Phylloscartes ventralis,Animalia,Chordata,Aves,Passeriformes,Tyrannidae,Phylloscartes,Abuntante,10
446,research,Phytotoma rutila,Animalia,Chordata,Aves,Passeriformes,Cotingidae,Phytotoma,Abundante,17
196,research,Piaya cayana,Animalia,Chordata,Aves,Cuculiformes,Cuculidae,Piaya,Abundante,44
538,research,Piculus aurulentus,Animalia,Chordata,Aves,Piciformes,Picidae,Piculus,Rara,21
357,research,Picumnus cirratus,Animalia,Chordata,Aves,Piciformes,Picidae,Picumnus,Comun,8
207,research,Picumnus nebulosus,Animalia,Chordata,Aves,Piciformes,Picidae,Picumnus,Comun,9
390,research,Pipraeidea melanonota,Animalia,Chordata,Aves,Passeriformes,Thraupidae,Pipraeidea,Abundante,14
248,research,Piranga flava,Animalia,Chordata,Aves,Passeriformes,Cardinalidae,Piranga,Abundante,17
90,research,Pitangus sulphuratus,Animalia,Chordata,Aves,Passeriformes,Tyrannidae,Pitangus,Abundante,22
76,research,Platalea ajaja,Animalia,Chordata,Aves,Pelecaniformes,Threskiornithidae,Platalea,Abundante,55
73,research,Plegadis chihi,Animalia,Chordata,Aves,Pelecaniformes,Threskiornithidae,Plegadis,Abundante,40
41,research,Pluvialis dominica,Animalia,Chordata,Aves,Charadriiformes,Charadriidae,Pluvialis,Abundante,23
416,research,Pluvialis squatarola,Animalia,Chordata,Aves,Charadriiformes,Charadriidae,Pluvialis,Rara,25
551,research,Pluvianellus socialis,Animalia,Chordata,Aves,Charadriiformes,Pluvianellidae,Pluvianellus,NA,NA
164,research,Podiceps major,Animalia,Chordata,Aves,Podicipediformes,Podicipedidae,Podiceps,Abundante,51
452,research,Podiceps occipitalis,Animalia,Chordata,Aves,Podicipediformes,Podicipedidae,Podiceps,Rara,26
230,research,Podilymbus podiceps,Animalia,Chordata,Aves,Podicipediformes,Podicipedidae,Podilymbus,Abundante,29
464,research,Poecilotriccus plumbeiceps,Animalia,Chordata,Aves,Passeriformes,Tyrannidae,Poecilotriccus,Rara,9
261,research,Polioptila dumicola,Animalia,Chordata,Aves,Passeriformes,Polioptilidae,Polioptila,Abundante,11
315,research,Polystictus pectoralis,Animalia,Chordata,Aves,Passeriformes,Tyrannidae,Polystictus,Abundante,9
199,research,Poospiza nigrorufa,Animalia,Chordata,Aves,Passeriformes,Thraupidae,Poospiza,Abundante,13
412,research,Porphyrio martinica,Animalia,Chordata,Aves,Gruiformes,Rallidae,Porphyrio,Abundante,32
13,research,Porphyriops melanops,Animalia,Chordata,Aves,Gruiformes,Rallidae,Porphyriops,Abundante,20
571,research,Porzana spiloptera,Animalia,Chordata,Aves,Gruiformes,Rallidae,Porzana,Rara,15
413,research,Procellaria aequinoctialis,Animalia,Chordata,Aves,Procellariiformes,Procellariidae,Procellaria,Rara,56
56,research,Progne chalybea,Animalia,Chordata,Aves,Passeriformes,Hirundinidae,Progne,Abundante,18
475,research,Progne elegans,Animalia,Chordata,Aves,Passeriformes,Hirundinidae,Progne,Comun,18
49,research,Progne tapera,Animalia,Chordata,Aves,Passeriformes,Hirundinidae,Progne,Abundante,16
277,research,Pseudocolopteryx flaviventris,Animalia,Chordata,Aves,Passeriformes,Tyrannidae,Pseudocolopteryx,Abundante,10
513,research,Pseudocolopteryx sclateri,Animalia,Chordata,Aves,Passeriformes,Tyrannidae,Pseudocolopteryx,Abundante,9
355,research,Pseudoleistes guirahuro,Animalia,Chordata,Aves,Passeriformes,Icteridae,Pseudoleistes,Abundante,22
91,research,Pseudoleistes virescens,Animalia,Chordata,Aves,Passeriformes,Icteridae,Pseudoleistes,Abundante,21
301,research,Pseudoseisura lophotes,Animalia,Chordata,Aves,Passeriformes,Furnariidae,Pseudoseisura,Abundante,23
387,research,Psittacara leucophthalmus,Animalia,Chordata,Aves,Psittaciformes,Psittacidae,Psittacara,Abundante,33
323,research,Puffinus puffinus,Animalia,Chordata,Aves,Procellariiformes,Procellariidae,Puffinus,Rara,34
132,research,Pygochelidon cyanoleuca,Animalia,Chordata,Aves,Passeriformes,Hirundinidae,Pygochelidon,Abundante,11
44,research,Pyrocephalus rubinus,Animalia,Chordata,Aves,Passeriformes,Tyrannidae,Pyrocephalus,Abundante,13
599,research,Pyroderus scutatus,Animalia,Chordata,Aves,Passeriformes,Cotingidae,Pyroderus,Rara,41
365,research,Pyrrhura frontalis,Animalia,Chordata,Aves,Psittaciformes,Psittacidae,Pyrrhura,Rara,24
396,research,Ramphastos toco,Animalia,Chordata,Aves,Piciformes,Ramphastidae,Ramphastos,Rara,53
173,research,Rauenia bonariensis,Animalia,Chordata,Aves,Passeriformes,Thraupidae,Rauenia,Abundante,17
28,research,Rhea americana,Animalia,Chordata,Aves,Rheiformes,Rheidae,Rhea,Abundante,140
583,research,Rhopospina fruticeti,Animalia,Chordata,Aves,Passeriformes,Thraupidae,Rhopospina,Comun,15
408,research,Rhynchotus rufescens,Animalia,Chordata,Aves,Tinamiformes,Tinamidae,Rhynchotus,Abundante,41
522,research,Riparia riparia,Animalia,Chordata,Aves,Passeriformes,Hirundinidae,Riparia,Abundante,11
23,research,Rollandia rolland,Animalia,Chordata,Aves,Podicipediformes,Podicipedidae,Rollandia,Abundante,25
269,research,Rostrhamus sociabilis,Animalia,Chordata,Aves,Accipitriformes,Accipitridae,Rostrhamus,Abundante,41
69,research,Rupornis magnirostris,Animalia,Chordata,Aves,Accipitriformes,Accipitridae,Rupornis,Abundante,38
85,research,Rynchops niger,Animalia,Chordata,Aves,Charadriiformes,Laridae,Rynchops,Comun,40
234,research,Saltator aurantiirostris,Animalia,Chordata,Aves,Passeriformes,Thraupidae,Saltator,Abundante,18
477,research,Saltator coerulescens,Animalia,Chordata,Aves,Passeriformes,Thraupidae,Saltator,Rara,20
350,research,Saltator similis,Animalia,Chordata,Aves,Passeriformes,Thraupidae,Saltator,Abundante,19
227,research,Satrapa icterophrys,Animalia,Chordata,Aves,Passeriformes,Tyrannidae,Satrapa,Abundante,16
363,research,Schoeniophylax phryganophilus,Animalia,Chordata,Aves,Passeriformes,Furnariidae,Schoeniophylax,Abundante,18
526,research,Serpophaga griseicapilla,Animalia,Chordata,Aves,Passeriformes,Tyrannidae,Serpophaga,Abundante,9
278,research,Serpophaga nigricans,Animalia,Chordata,Aves,Passeriformes,Tyrannidae,Serpophaga,Abundante,11
265,research,Serpophaga subcristata,Animalia,Chordata,Aves,Passeriformes,Tyrannidae,Serpophaga,Abundante,9
327,research,Setopagis parvula,Animalia,Chordata,Aves,Caprimulgiformes,Caprimulgidae,Setopagis,Abundante,20
124,research,Setophaga pitiayumi,Animalia,Chordata,Aves,Passeriformes,Parulidae,Setophaga,Abundante,9
11,research,Sicalis flaveola,Animalia,Chordata,Aves,Passeriformes,Thraupidae,Sicalis,Abundante,12
202,research,Sicalis luteola,Animalia,Chordata,Aves,Passeriformes,Thraupidae,Sicalis,Abundante,12
370,research,Sittasomus griseicapillus,Animalia,Chordata,Aves,Passeriformes,Furnariidae,Sittasomus,Rara,14
497,research,Spartonoica maluroides,Animalia,Chordata,Aves,Passeriformes,Furnariidae,Spartonoica,Abundante,13
404,research,Spatula cyanoptera,Animalia,Chordata,Aves,Anseriformes,Anatidae,Spatula,Comun,37
336,research,Spatula platalea,Animalia,Chordata,Aves,Anseriformes,Anatidae,Spatula,Abundante,43
185,research,Spatula versicolor,Animalia,Chordata,Aves,Anseriformes,Anatidae,Spatula,Abundante,37
19,research,Spheniscus magellanicus,Animalia,Chordata,Aves,Sphenisciformes,Spheniscidae,Spheniscus,Rara,47
163,research,Spinus magellanicus,Animalia,Chordata,Aves,Passeriformes,Fringillidae,Spinus,Abundante,12
249,research,Sporophila caerulescens,Animalia,Chordata,Aves,Passeriformes,Thraupidae,Sporophila,Abundante,11
303,research,Sporophila cinnamomea,Animalia,Chordata,Aves,Passeriformes,Thraupidae,Sporophila,Abundante,9
144,research,Sporophila collaris,Animalia,Chordata,Aves,Passeriformes,Thraupidae,Sporophila,Abundante,11
411,research,Sporophila hypochroma,Animalia,Chordata,Aves,Passeriformes,Thraupidae,Sporophila,Abundante,9
399,research,Sporophila hypoxantha,Animalia,Chordata,Aves,Passeriformes,Thraupidae,Sporophila,Comun,9
582,research,Sporophila leucoptera,Animalia,Chordata,Aves,Passeriformes,Thraupidae,Sporophila,NA,NA
317,research,Sporophila palustris,Animalia,Chordata,Aves,Passeriformes,Thraupidae,Sporophila,Comun,9
558,research,Sporophila pileata,Animalia,Chordata,Aves,Passeriformes,Thraupidae,Sporophila,Rara,11
321,research,Sporophila ruficollis,Animalia,Chordata,Aves,Passeriformes,Thraupidae,Sporophila,Comun,9
371,research,Stelgidopteryx ruficollis,Animalia,Chordata,Aves,Passeriformes,Hirundinidae,Stelgidopteryx,Abundante,13
235,research,Stephanophorus diadematus,Animalia,Chordata,Aves,Passeriformes,Thraupidae,Stephanophorus,Abundante,18
572,research,Stercorarius antarcticus,Animalia,Chordata,Aves,Charadriiformes,Stercorariidae,Stercorarius,Rara,60
573,research,Stercorarius chilensis,Animalia,Chordata,Aves,Charadriiformes,Stercorariidae,Stercorarius,Rara,54
577,research,Stercorarius maccormicki,Animalia,Chordata,Aves,Charadriiformes,Stercorariidae,Stercorarius,Rara,52
403,research,Stercorarius parasiticus,Animalia,Chordata,Aves,Charadriiformes,Stercorariidae,Stercorarius,Rara,39
237,research,Sterna hirundinacea,Animalia,Chordata,Aves,Charadriiformes,Laridae,Sterna,Comun,38
310,research,Sterna hirundo,Animalia,Chordata,Aves,Charadriiformes,Laridae,Sterna,Rara,31
575,research,Sterna paradisaea,Animalia,Chordata,Aves,Charadriiformes,Laridae,Sterna,Rara,34
87,research,Sterna trudeaui,Animalia,Chordata,Aves,Charadriiformes,Laridae,Sterna,Comun,32
292,research,Sternula superciliaris,Animalia,Chordata,Aves,Charadriiformes,Laridae,Sternula,Abundante,23
604,research,Stilpnia peruviana,Animalia,Chordata,Aves,Passeriformes,Thraupidae,Stilpnia,NA,NA
151,research,Stilpnia preciosa,Animalia,Chordata,Aves,Passeriformes,Thraupidae,Stilpnia,Abundante,15
129,research,Sturnus vulgaris,Animalia,Chordata,Aves,Passeriformes,Sturnidae,Sturnus,Abundante,20
514,research,Sublegatus modestus,Animalia,Chordata,Aves,Passeriformes,Tyrannidae,Sublegatus,Abundante,13
552,research,Suiriri suiriri,Animalia,Chordata,Aves,Passeriformes,Tyrannidae,Suiriri,Abundante,13
605,research,Sula dactylatra,Animalia,Chordata,Aves,Suliformes,Sulidae,Sula,Rara,87
580,research,Synallaxis albescens,Animalia,Chordata,Aves,Passeriformes,Furnariidae,Synallaxis,Abundante,14
373,research,Synallaxis frontalis,Animalia,Chordata,Aves,Passeriformes,Furnariidae,Synallaxis,Abundante,15
358,research,Synallaxis spixi,Animalia,Chordata,Aves,Passeriformes,Furnariidae,Synallaxis,Abundante,15
338,research,Syndactyla rufosuperciliata,Animalia,Chordata,Aves,Passeriformes,Furnariidae,Syndactyla,Abundante,16
55,research,Syrigma sibilatrix,Animalia,Chordata,Aves,Pelecaniformes,Ardeidae,Syrigma,Abundante,48
434,research,Systellura longirostris,Animalia,Chordata,Aves,Caprimulgiformes,Caprimulgidae,Systellura,Abundante,23
354,research,Tachuris rubrigastra,Animalia,Chordata,Aves,Passeriformes,Tyrannidae,Tachuris,Abuntante,10
319,research,Tachybaptus dominicus,Animalia,Chordata,Aves,Podicipediformes,Podicipedidae,Tachybaptus,Comun,21
493,research,Tachycineta leucopyga,Animalia,Chordata,Aves,Passeriformes,Hirundinidae,Tachycineta,NA,NA
186,research,Tachycineta leucorrhoa,Animalia,Chordata,Aves,Passeriformes,Hirundinidae,Tachycineta,Abundante,13
537,research,Tachyphonus coronatus,Animalia,Chordata,Aves,Passeriformes,Thraupidae,Tachyphonus,Rara,16
407,research,Tapera naevia,Animalia,Chordata,Aves,Cuculiformes,Cuculidae,Tapera,Abundante,28
353,research,Thalassarche chlororhynchos,Animalia,Chordata,Aves,Procellariiformes,Diomedeidae,Thalassarche,Rara,81
400,research,Thalassarche melanophris,Animalia,Chordata,Aves,Procellariiformes,Diomedeidae,Thalassarche,Rara,90
252,research,Thalasseus maximus,Animalia,Chordata,Aves,Charadriiformes,Laridae,Thalasseus,Rara,44
251,research,Thalasseus sandvicensis,Animalia,Chordata,Aves,Charadriiformes,Laridae,Thalasseus,Comun,40
138,research,Thamnophilus caerulescens,Animalia,Chordata,Aves,Passeriformes,Thamnophilidae,Thamnophilus,Abundante,13
166,research,Thamnophilus ruficapillus,Animalia,Chordata,Aves,Passeriformes,Thamnophilidae,Thamnophilus,Abundante,16
25,research,Theristicus caerulescens,Animalia,Chordata,Aves,Pelecaniformes,Threskiornithidae,Theristicus,Abundante,62
156,research,Theristicus caudatus,Animalia,Chordata,Aves,Pelecaniformes,Threskiornithidae,Theristicus,Abundante,57
444,research,Thinocorus rumicivorus,Animalia,Chordata,Aves,Charadriiformes,Thinocoridae,Thinocorus,Rara,19
244,research,Thraupis sayaca,Animalia,Chordata,Aves,Passeriformes,Thraupidae,Thraupis,Abundante,15
67,research,Tigrisoma lineatum,Animalia,Chordata,Aves,Pelecaniformes,Ardeidae,Tigrisoma,Abundante,62
424,research,Tolmomyias sulphurescens,Animalia,Chordata,Aves,Passeriformes,Tyrannidae,Tolmomyias,Rara,13
52,research,Tringa flavipes,Animalia,Chordata,Aves,Charadriiformes,Scolopacidae,Tringa,Abundante,25
98,research,Tringa melanoleuca,Animalia,Chordata,Aves,Charadriiformes,Scolopacidae,Tringa,Abundante,33
457,research,Tringa solitaria,Animalia,Chordata,Aves,Charadriiformes,Scolopacidae,Tringa,Abundante,20
187,research,Troglodytes aedon,Animalia,Chordata,Aves,Passeriformes,Troglodytidae,Troglodytes,Abundante,10
527,research,Trogon surrucura,Animalia,Chordata,Aves,Trogoniformes,Trogonidae,Trogon,Rara,24
345,research,Turdus albicollis,Animalia,Chordata,Aves,Passeriformes,Turdidae,Turdus,Abundante,19
114,research,Turdus amaurochalinus,Animalia,Chordata,Aves,Passeriformes,Turdidae,Turdus,Abundante,21
601,research,Turdus flavipes,Animalia,Chordata,Aves,Passeriformes,Turdidae,Turdus,Rara,21
523,research,Turdus leucomelas,Animalia,Chordata,Aves,Passeriformes,Turdidae,Turdus,Rara,21
79,research,Turdus rufiventris,Animalia,Chordata,Aves,Passeriformes,Turdidae,Turdus,Abundante,23
520,research,Turdus subalaris,Animalia,Chordata,Aves,Passeriformes,Turdidae,Turdus,Comun,20
118,research,Tyrannus melancholicus,Animalia,Chordata,Aves,Passeriformes,Tyrannidae,Tyrannus,Abundante,20
39,research,Tyrannus savana,Animalia,Chordata,Aves,Passeriformes,Tyrannidae,Tyrannus,Abundante,38
449,research,Tyrannus tyrannus,Animalia,Chordata,Aves,Passeriformes,Tyrannidae,Tyrannus,NA,NA
401,research,Tyto alba,Animalia,Chordata,Aves,Strigiformes,Tytonidae,Tyto,Abudnante,38
21,research,Vanellus chilensis,Animalia,Chordata,Aves,Charadriiformes,Charadriidae,Vanellus,Abundante,32
245,research,Vireo chivi,Animalia,Chordata,Aves,Passeriformes,Vireonidae,Vireo,Abundante,14
458,research,Volatinia jacarina,Animalia,Chordata,Aves,Passeriformes,Thraupidae,Volatinia,Abundante,10
224,research,Xanthopsar flavus,Animalia,Chordata,Aves,Passeriformes,Icteridae,Xanthopsar,Abundante,19
565,research,Xenopsaris albinucha,Animalia,Chordata,Aves,Passeriformes,Tityridae,Xenopsaris,Rara,13
46,research,Xolmis irupero,Animalia,Chordata,Aves,Passeriformes,Tyrannidae,Xolmis,Abundante,17
62,research,Zenaida auriculata,Animalia,Chordata,Aves,Columbiformes,Columbidae,Zenaida,Abundante,23
40,research,Zonotrichia capensis,Animalia,Chordata,Aves,Passeriformes,Passerellidae,Zonotrichia,Abundante,12
429,research,Akodon azarae,Animalia,Chordata,Mammalia,Rodentia,Cricetidae,Akodon,Abundante,17
467,research,Alouatta caraya,Animalia,Chordata,Mammalia,Primates,Atelidae,Alouatta,NA,NA
32,research,Arctocephalus australis,Animalia,Chordata,Mammalia,Carnivora,Otariidae,Arctocephalus,Rara,150
517,research,Arctocephalus gazella,Animalia,Chordata,Mammalia,Carnivora,Otariidae,Arctocephalus,Rara,150
600,research,Arctocephalus tropicalis,Animalia,Chordata,Mammalia,Carnivora,Otariidae,Arctocephalus,Rara,"1,6"
213,research,Axis axis,Animalia,Chordata,Mammalia,Artiodactyla,Cervidae,Axis,Abundante,140
554,research,Balaenoptera acutorostrata,Animalia,Chordata,Mammalia,Artiodactyla,Balaenopteridae,Balaenoptera,Rara,625
588,research,Cabassous tatouay,Animalia,Chordata,Mammalia,Cingulata,Chlamyphoridae,Cabassous,Rara,70
470,research,Calomys laucha,Animalia,Chordata,Mammalia,Rodentia,Cricetidae,Calomys,Abundante,13
440,research,Canis familiaris,Animalia,Chordata,Mammalia,Carnivora,Canidae,Canis,NA,NA
448,research,Capra hircus,Animalia,Chordata,Mammalia,Artiodactyla,Bovidae,Capra,Abundante,125
42,research,Cavia aperea,Animalia,Chordata,Mammalia,Rodentia,Caviidae,Cavia,Abundante,24
37,research,Cerdocyon thous,Animalia,Chordata,Mammalia,Carnivora,Canidae,Cerdocyon,Abundante,110
553,research,Cervus elaphus,Animalia,Chordata,Mammalia,Artiodactyla,Cervidae,Cervus,NA,NA
232,research,Coendou spinosus,Animalia,Chordata,Mammalia,Rodentia,Erethizontidae,Coendou,Comun,72
94,research,Conepatus chinga,Animalia,Chordata,Mammalia,Carnivora,Mephitidae,Conepatus,Abundante,57
159,research,Ctenomys pearsoni,Animalia,Chordata,Mammalia,Rodentia,Ctenomyidae,Ctenomys,Rara,26
536,research,Ctenomys torquatus,Animalia,Chordata,Mammalia,Rodentia,Ctenomyidae,Ctenomys,Abundante,26
295,research,Cuniculus paca,Animalia,Chordata,Mammalia,Rodentia,Cuniculidae,Cuniculus,Rara,65
525,research,Dama dama,Animalia,Chordata,Mammalia,Artiodactyla,Cervidae,Dama,Rara,145
36,research,Dasypus novemcinctus,Animalia,Chordata,Mammalia,Cingulata,Dasypodidae,Dasypus,NA,NA
221,research,Dasypus septemcinctus,Animalia,Chordata,Mammalia,Cingulata,Dasypodidae,Dasypus,NA,NA
378,research,Delphinus delphis,Animalia,Chordata,Mammalia,Artiodactyla,Delphinidae,Delphinus,Rara,230
459,research,Desmodus rotundus,Animalia,Chordata,Mammalia,Chiroptera,Phyllostomidae,Desmodus,Abundante,9
92,research,Didelphis albiventris,Animalia,Chordata,Mammalia,Didelphimorphia,Didelphidae,Didelphis,Abundante,90
66,research,Eptesicus diminutus,Animalia,Chordata,Mammalia,Chiroptera,Vespertilionidae,Eptesicus,Rara,9
598,research,Eptesicus furinalis,Animalia,Chordata,Mammalia,Chiroptera,Vespertilionidae,Eptesicus,Abundante,11
425,research,Equus asinus,Animalia,Chordata,Mammalia,Perissodactyla,Equidae,Equus,NA,NA
433,research,Equus caballus,Animalia,Chordata,Mammalia,Perissodactyla,Equidae,Equus,NA,NA
176,research,Eubalaena australis,Animalia,Chordata,Mammalia,Artiodactyla,Balaenidae,Eubalaena,Rara,1400
603,research,Eumops bonariensis,Animalia,Chordata,Mammalia,Chiroptera,Molossidae,Eumops,Abundante,11
351,research,Euphractus sexcinctus,Animalia,Chordata,Mammalia,Cingulata,Chlamyphoridae,Euphractus,Abundante,62
410,research,Felis catus,Animalia,Chordata,Mammalia,Carnivora,Felidae,Felis,NA,NA
284,research,Galictis cuja,Animalia,Chordata,Mammalia,Carnivora,Mustelidae,Galictis,Abundante,62
362,research,Histiotus montanus,Animalia,Chordata,Mammalia,Chiroptera,Vespertilionidae,Histiotus,Abundante,11
406,research,Holochilus brasiliensis,Animalia,Chordata,Mammalia,Rodentia,Cricetidae,Holochilus,Abundante,39
161,research,Hydrochoerus hydrochaeris,Animalia,Chordata,Mammalia,Rodentia,Caviidae,Hydrochoerus,Abundante,115
590,research,Lagenodelphis hosei,Animalia,Chordata,Mammalia,Artiodactyla,Delphinidae,Lagenodelphis,Rara,235
330,research,Lasiurus blossevillii,Animalia,Chordata,Mammalia,Chiroptera,Vespertilionidae,Lasiurus,Abundante,10
331,research,Lasiurus ega,Animalia,Chordata,Mammalia,Chiroptera,Vespertilionidae,Lasiurus,Abundante,12
214,research,Leopardus geoffroyi,Animalia,Chordata,Mammalia,Carnivora,Felidae,Leopardus,Abundante,90
386,research,Leopardus munoai,Animalia,Chordata,Mammalia,Carnivora,Felidae,Leopardus,Abundante,83
236,research,Leopardus wiedii,Animalia,Chordata,Mammalia,Carnivora,Felidae,Leopardus,Abundante,102
170,research,Lepus europaeus,Animalia,Chordata,Mammalia,Lagomorpha,Leporidae,Lepus,Abundante,65
283,research,Lontra longicaudis,Animalia,Chordata,Mammalia,Carnivora,Mustelidae,Lontra,Abundante,114
441,research,Lutreolina crassicaudata,Animalia,Chordata,Mammalia,Didelphimorphia,Didelphidae,Lutreolina,Abundante,62
93,research,Lycalopex gymnocercus,Animalia,Chordata,Mammalia,Carnivora,Canidae,Lycalopex,Abundante,97
268,research,Mazama gouazoubira,Animalia,Chordata,Mammalia,Artiodactyla,Cervidae,Mazama,Abundante,210
518,research,Megaptera novaeangliae,Animalia,Chordata,Mammalia,Artiodactyla,Balaenopteridae,Megaptera,Rara,1450
177,research,Mirounga leonina,Animalia,Chordata,Mammalia,Carnivora,Phocidae,Mirounga,Rara,450
376,research,Molossus molossus,Animalia,Chordata,Mammalia,Chiroptera,Molossidae,Molossus,Abundante,10
152,research,Monodelphis dimidiata,Animalia,Chordata,Mammalia,Didelphimorphia,Didelphidae,Monodelphis,Comun,24
348,research,Mus musculus,Animalia,Chordata,Mammalia,Rodentia,Muridae,Mus,Abundante,15
126,research,Myocastor coypus,Animalia,Chordata,Mammalia,Rodentia,Echimyidae,Myocastor,Abundante,85
597,research,Myotis albescens,Animalia,Chordata,Mammalia,Chiroptera,Vespertilionidae,Myotis,Abundante,8
134,research,Myotis levis,Animalia,Chordata,Mammalia,Chiroptera,Vespertilionidae,Myotis,Abundante,8
332,research,Nasua nasua,Animalia,Chordata,Mammalia,Carnivora,Procyonidae,Nasua,Comun,112
534,research,Oligoryzomys flavescens,Animalia,Chordata,Mammalia,Rodentia,Cricetidae,Oligoryzomys,Abundante,27
548,research,Oryctolagus cuniculus,Animalia,Chordata,Mammalia,Lagomorpha,Leporidae,Oryctolagus,NA,NA
8,research,Otaria byronia,Animalia,Chordata,Mammalia,Carnivora,Otariidae,Otaria,Rara,210
430,research,Oxymycterus josei,Animalia,Chordata,Mammalia,Rodentia,Cricetidae,Oxymycterus,NA,NA
392,research,Oxymycterus nasutus,Animalia,Chordata,Mammalia,Rodentia,Cricetidae,Oxymycterus,Comun,23
288,research,Ozotoceros bezoarticus,Animalia,Chordata,Mammalia,Artiodactyla,Cervidae,Ozotoceros,Rara,129
463,research,Pecari tajacu,Animalia,Chordata,Mammalia,Artiodactyla,Tayassuidae,Pecari,Rara,95
368,research,Physeter macrocephalus,Animalia,Chordata,Mammalia,Artiodactyla,Physeteridae,Physeter,Rara,1300
289,research,Pontoporia blainvillei,Animalia,Chordata,Mammalia,Artiodactyla,Pontoporiidae,Pontoporia,Rara,145
7,research,Procyon cancrivorus,Animalia,Chordata,Mammalia,Carnivora,Procyonidae,Procyon,Abundante,107
469,research,Pseudorca crassidens,Animalia,Chordata,Mammalia,Artiodactyla,Delphinidae,Pseudorca,Rara,500
540,research,Rattus rattus,Animalia,Chordata,Mammalia,Rodentia,Muridae,Rattus,Abundante,40
453,research,Reithrodon typicus,Animalia,Chordata,Mammalia,Rodentia,Cricetidae,Reithrodon,Abundante,25
312,research,Sturnira lilium,Animalia,Chordata,Mammalia,Chiroptera,Phyllostomidae,Sturnira,Comun,7
225,research,Sus scrofa,Animalia,Chordata,Mammalia,Artiodactyla,Suidae,Sus,Abundante,177
133,research,Tadarida brasiliensis,Animalia,Chordata,Mammalia,Chiroptera,Molossidae,Tadarida,Abundante,10
296,research,Tamandua tetradactyla,Animalia,Chordata,Mammalia,Pilosa,Myrmecophagidae,Tamandua,Rara,112
181,research,Tursiops truncatus,Animalia,Chordata,Mammalia,Artiodactyla,Delphinidae,Tursiops,Rara,300
532,research,Wilfredomys oenax,Animalia,Chordata,Mammalia,Rodentia,Cricetidae,Wilfredomys,Comun,29
180,research,Acanthochelys spixii,Animalia,Chordata,Reptilia,Testudines,Chelidae,Acanthochelys,Comun,18
103,research,Amphisbaena darwinii,Animalia,Chordata,Reptilia,Squamata,Amphisbaenidae,Amphisbaena,Comun,28
175,research,Amphisbaena kingii,Animalia,Chordata,Reptilia,Squamata,Amphisbaenidae,Amphisbaena,Comun,22
97,research,Amphisbaena munoai,Animalia,Chordata,Reptilia,Squamata,Amphisbaenidae,Amphisbaena,Comun,15
524,research,Aspronema dorsivittatum,Animalia,Chordata,Reptilia,Squamata,Scincidae,Aspronema,Comun,9
426,research,Boiruna maculata,Animalia,Chordata,Reptilia,Squamata,Colubridae,Boiruna,Comun,160
102,research,Bothrops alternatus,Animalia,Chordata,Reptilia,Squamata,Viperidae,Bothrops,Comun ,150
231,research,Bothrops pubescens,Animalia,Chordata,Reptilia,Squamata,Viperidae,Bothrops,Comun,150
447,research,Caiman latirostris,Animalia,Chordata,Reptilia,Crocodylia,Alligatoridae,Caiman,Comun,250
239,research,Calamodontophis paucidens,Animalia,Chordata,Reptilia,Squamata,Colubridae,Calamodontophis,Rara,40
263,research,Caretta caretta,Animalia,Chordata,Reptilia,Testudines,Cheloniidae,Caretta,Rara,80
356,research,Cercosaura schreibersii,Animalia,Chordata,Reptilia,Squamata,Gymnophthalmidae,Cercosaura,Comun,5
84,research,Chelonia mydas,Animalia,Chordata,Reptilia,Testudines,Cheloniidae,Chelonia,Rara,92
271,research,Chironius gouveai,Animalia,Chordata,Reptilia,Squamata,Colubridae,Chironius,NA,NA
154,research,Contomastix lacertoides,Animalia,Chordata,Reptilia,Squamata,Teiidae,Contomastix,Comun,7
391,research,Dermochelys coriacea,Animalia,Chordata,Reptilia,Testudines,Dermochelyidae,Dermochelys,Rara,170
344,research,Dipsas turgida,Animalia,Chordata,Reptilia,Squamata,Colubridae,Dipsas,NA,NA
383,research,Epictia munoai,Animalia,Chordata,Reptilia,Squamata,Leptotyphlopidae,Epictia,Comun,20
384,research,Erythrolamprus almadensis,Animalia,Chordata,Reptilia,Squamata,Colubridae,Erythrolamprus,Rara,66
307,research,Erythrolamprus jaegeri,Animalia,Chordata,Reptilia,Squamata,Colubridae,Erythrolamprus,Comun,61
96,research,Erythrolamprus poecilogyrus,Animalia,Chordata,Reptilia,Squamata,Colubridae,Erythrolamprus,Comun,70
328,research,Erythrolamprus semiaureus,Animalia,Chordata,Reptilia,Squamata,Colubridae,Erythrolamprus,Comun,100
215,research,Helicops infrataeniatus,Animalia,Chordata,Reptilia,Squamata,Colubridae,Helicops,Comun,100
314,research,Hemidactylus mabouia,Animalia,Chordata,Reptilia,Squamata,Gekkonidae,Hemidactylus,Rara ,7
324,research,Homonota uruguayensis,Animalia,Chordata,Reptilia,Squamata,Phyllodactylidae,Homonota,Comun,5
194,research,Hydromedusa tectifera,Animalia,Chordata,Reptilia,Testudines,Chelidae,Hydromedusa,Comun,30
290,research,Liolaemus occipitalis,Animalia,Chordata,Reptilia,Squamata,Liolaemidae,Liolaemus,Rara,6
150,research,Liolaemus wiegmannii,Animalia,Chordata,Reptilia,Squamata,Liolaemidae,Liolaemus,Rara,6
143,research,Lygophis anomalus,Animalia,Chordata,Reptilia,Squamata,Colubridae,Lygophis,Comun,62
547,research,Lygophis flavifrenatus,Animalia,Chordata,Reptilia,Squamata,Colubridae,Lygophis,Rara,72
182,research,Micrurus altirostris,Animalia,Chordata,Reptilia,Squamata,Elapidae,Micrurus,Comun,90
219,research,Ophiodes intermedius,Animalia,Chordata,Reptilia,Squamata,Diploglossidae,Ophiodes,Rara,25
203,research,Ophiodes striatus,Animalia,Chordata,Reptilia,Squamata,Diploglossidae,Ophiodes,Comun,26
318,research,Ophiodes vertebralis,Animalia,Chordata,Reptilia,Squamata,Diploglossidae,Ophiodes,Comun ,20
212,research,Oxyrhopus rhombifer,Animalia,Chordata,Reptilia,Squamata,Colubridae,Oxyrhopus,Comun,90
335,research,Paraphimophis rusticus,Animalia,Chordata,Reptilia,Squamata,Colubridae,Paraphimophis,Comun,180
128,research,Phalotris lemniscatus,Animalia,Chordata,Reptilia,Squamata,Colubridae,Phalotris,Comun,68
183,research,Philodryas aestiva,Animalia,Chordata,Reptilia,Squamata,Colubridae,Philodryas,Comun,100
546,research,Philodryas agassizii,Animalia,Chordata,Reptilia,Squamata,Colubridae,Philodryas,Comun,50
393,research,Philodryas olfersii,Animalia,Chordata,Reptilia,Squamata,Colubridae,Philodryas,Rara,150
108,research,Philodryas patagoniensis,Animalia,Chordata,Reptilia,Squamata,Colubridae,Philodryas,Comun,150
145,research,Phrynops hilarii,Animalia,Chordata,Reptilia,Testudines,Chelidae,Phrynops,Comun,34
417,research,Phrynops williamsi,Animalia,Chordata,Reptilia,Testudines,Chelidae,Phrynops,Comun,33
369,research,Psomophis obtusus,Animalia,Chordata,Reptilia,Squamata,Colubridae,Psomophis,Comun,41
106,research,Salvator merianae,Animalia,Chordata,Reptilia,Squamata,Teiidae,Salvator,Comun,140
465,research,Taeniophallus occipitalis,Animalia,Chordata,Reptilia,Squamata,Colubridae,Taeniophallus,Comun,55
385,research,Taeniophallus poecilopogon,Animalia,Chordata,Reptilia,Squamata,Colubridae,Taeniophallus,Rara,45
313,research,Tantilla melanocephala,Animalia,Chordata,Reptilia,Squamata,Colubridae,Tantilla,Comun,38
293,research,Tarentola mauritanica,Animalia,Chordata,Reptilia,Squamata,Phyllodactylidae,Tarentola,Rara,5
105,research,Teius oculatus,Animalia,Chordata,Reptilia,Squamata,Teiidae,Teius,Comun,12
195,research,Thamnodynastes hypoconia,Animalia,Chordata,Reptilia,Squamata,Colubridae,Thamnodynastes,Comun,65
218,research,Thamnodynastes strigatus,Animalia,Chordata,Reptilia,Squamata,Colubridae,Thamnodynastes,Comun,80
220,research,Tomodon ocellatus,Animalia,Chordata,Reptilia,Squamata,Colubridae,Tomodon,Comun,54
189,research,Trachemys dorbigni,Animalia,Chordata,Reptilia,Testudines,Emydidae,Trachemys,Comun,26
282,research,Tropidurus torquatus,Animalia,Chordata,Reptilia,Squamata,Tropiduridae,Tropidurus,Rara,15
107,research,Xenodon dorbignyi,Animalia,Chordata,Reptilia,Squamata,Colubridae,Xenodon,Comun,70
