...1,quality_grade,taxon_species_name,taxon_kingdom_name,taxon_phylum_name,taxon_class_name,taxon_order_name,taxon_family_name,taxon_genus_name,species,Distribution,Habito1,Habito2,SNAPregional,BiodiversidataEstablecimiento,IUCNglobal,trendGlobal
484,research,Acacia baileyana,Plantae,Tracheophyta,Magnoliopsida,Fabales,Fabaceae,Acacia,Acacia baileyana,NA,NA,NA,No evaluada,NA,NA,NA
85,research,Acacia dealbata,Plantae,Tracheophyta,Magnoliopsida,Fabales,Fabaceae,Acacia,Acacia dealbata,4,Arbol,Perenne,No evaluada,NA,LC,Unknown
133,research,Acacia longifolia,Plantae,Tracheophyta,Magnoliopsida,Fabales,Fabaceae,Acacia,Acacia longifolia,5,Arbol,Perenne,No evaluada,NA,LC,Unknown
164,research,Acacia melanoxylon,Plantae,Tracheophyta,Magnoliopsida,Fabales,Fabaceae,Acacia,Acacia melanoxylon,3,Arbol,Perenne,No evaluada,NA,NA,NA
273,research,Acacia podalyriifolia,Plantae,Tracheophyta,Magnoliopsida,Fabales,Fabaceae,Acacia,Acacia podalyriifolia,NA,NA,NA,No evaluada,NA,LC,Increasing
223,research,Acanthospermum australe,Plantae,Tracheophyta,Magnoliopsida,Asterales,Asteraceae,Acanthospermum,Acanthospermum australe,14,Hierba,Anual,No evaluada,nativa,NE,NA
174,research,Acanthostyles buniifolius,Plantae,Tracheophyta,Magnoliopsida,Asterales,Asteraceae,Acanthostyles,Acanthostyles buniifolius,14,Arbusto,Perenne,No Prioritaria,nativa,NE,NA
314,research,Achillea millefolium,Plantae,Tracheophyta,Magnoliopsida,Asterales,Asteraceae,Achillea,Achillea millefolium,4,Hierba,Perenne,No evaluada,NA,LC,Unknown
488,research,Achyrocline flaccida,Plantae,Tracheophyta,Magnoliopsida,Asterales,Asteraceae,Achyrocline,Achyrocline flaccida,7,Subarbusto,Perenne,No evaluada,nativa,NE,NA
65,research,Achyrocline saturejoides,Plantae,Tracheophyta,Magnoliopsida,Asterales,Asteraceae,Achyrocline,Achyrocline saturejoides,13,Subarbusto,Perenne,No evaluada,NA,NE,NA
277,research,Acmella bellidioides,Plantae,Tracheophyta,Magnoliopsida,Asterales,Asteraceae,Acmella,Acmella bellidioides,2,Hierba,Perenne,No evaluada,NA,NE,NA
77,research,Acmella decumbens,Plantae,Tracheophyta,Magnoliopsida,Asterales,Asteraceae,Acmella,Acmella decumbens,3,Hierba,Perenne,No evaluada,nativa,NE,NA
475,research,Adenostemma brasilianum,Plantae,Tracheophyta,Magnoliopsida,Asterales,Asteraceae,Adenostemma,Adenostemma brasilianum,8,Hierba,Anual,No evaluada,nativa,NE,NA
283,research,Adesmia bicolor,Plantae,Tracheophyta,Magnoliopsida,Fabales,Fabaceae,Adesmia,Adesmia bicolor,16,Hierba ,Perenne,No evaluada,nativa,NA,NA
448,research,Adesmia incana,Plantae,Tracheophyta,Magnoliopsida,Fabales,Fabaceae,Adesmia,Adesmia incana,9,Hierba,Perenne,No evaluada,nativa,NA,NA
439,research,Adesmia latifolia,Plantae,Tracheophyta,Magnoliopsida,Fabales,Fabaceae,Adesmia,Adesmia latifolia,13,Hierba,Perenne,No evaluada,nativa,NA,NA
289,research,Adesmia punctata,Plantae,Tracheophyta,Magnoliopsida,Fabales,Fabaceae,Adesmia,Adesmia punctata,16,Hierba,Perenne,No evaluada,nativa,NA,NA
148,research,Adesmia securigerifolia,Plantae,Tracheophyta,Magnoliopsida,Fabales,Fabaceae,Adesmia,Adesmia securigerifolia,9,Hierba,Anual,No evaluada,nativa,NA,NA
322,research,Aeschynomene montevidensis,Plantae,Tracheophyta,Magnoliopsida,Fabales,Fabaceae,Aeschynomene,Aeschynomene montevidensis,7,Arbusto,Perenne,No Prioritaria,nativa,NA,NA
415,research,Albizia inundata,Plantae,Tracheophyta,Magnoliopsida,Fabales,Fabaceae,Albizia,Albizia inundata,NA,NA,NA,No Prioritaria,nativa,LC,Stable
49,research,Albizia julibrissin,Plantae,Tracheophyta,Magnoliopsida,Fabales,Fabaceae,Albizia,Albizia julibrissin,NA,NA,NA,No evaluada,NA,NA,NA
121,research,Aldama anchusifolia,Plantae,Tracheophyta,Magnoliopsida,Asterales,Asteraceae,Aldama,Aldama anchusifolia,1,Subarbusto,Perenne,No evaluada,nativa,NE,NA
232,research,Ambrosia artemisiifolia,Plantae,Tracheophyta,Magnoliopsida,Asterales,Asteraceae,Ambrosia,Ambrosia artemisiifolia,7,Hierba,Anual,No evaluada,nativa,,
274,research,Ambrosia tenuifolia,Plantae,Tracheophyta,Magnoliopsida,Asterales,Asteraceae,Ambrosia,Ambrosia tenuifolia,10,Hierba,Perenne,No evaluada,introducida,NE,NA
361,research,Ancistrotropis clitorioides,Plantae,Tracheophyta,Magnoliopsida,Fabales,Fabaceae,Ancistrotropis,Ancistrotropis clitorioides,3,Enredadera,Perenne,No evaluada,nativa,NA,NA
307,research,Angelphytum grisebachii,Plantae,Tracheophyta,Magnoliopsida,Asterales,Asteraceae,Angelphytum,Angelphytum grisebachii,NA,NA,NA,No evaluada,NA,NE,NA
13,research,Anthemis cotula,Plantae,Tracheophyta,Magnoliopsida,Asterales,Asteraceae,Anthemis,Anthemis cotula,9,Hierba,Anual,No evaluada,introducida,,
338,research,Arachis burkartii,Plantae,Tracheophyta,Magnoliopsida,Fabales,Fabaceae,Arachis,Arachis burkartii,5,Hierba,Perenne,Prioritaria,nativa,NA,NA
151,research,Arachis villosa,Plantae,Tracheophyta,Magnoliopsida,Fabales,Fabaceae,Arachis,Arachis villosa,9,Hierba,Perenne,No evaluada,nativa,NT,Unknown
89,research,Arctium minus,Plantae,Tracheophyta,Magnoliopsida,Asterales,Asteraceae,Arctium,Arctium minus,4,Hierba,Bianual,No evaluada,introducida,NE,NA
168,research,Aspilia montevidensis,Plantae,Tracheophyta,Magnoliopsida,Asterales,Asteraceae,Aspilia,Aspilia montevidensis,12,Hierba ,Perenne,No evaluada,nativa,NE,NA
436,research,Aspilia silphioides,Plantae,Tracheophyta,Magnoliopsida,Asterales,Asteraceae,Aspilia,Aspilia silphioides,3,Hierba,Perenne,No evaluada,nativa,NE,NA
92,research,Austroeupatorium inulifolium,Plantae,Tracheophyta,Magnoliopsida,Asterales,Asteraceae,Austroeupatorium,Austroeupatorium inulifolium,14,Arbusto,Perenne,No evaluada,nativa,NE,NA
462,research,Austroeupatorium laetevirens,Plantae,Tracheophyta,Magnoliopsida,Asterales,Asteraceae,Austroeupatorium,Austroeupatorium laetevirens,NA,NA,NA,No evaluada,NA,NE,NA
263,research,Baccharis aliena,Plantae,Tracheophyta,Magnoliopsida,Asterales,Asteraceae,Baccharis,Baccharis aliena,12,Arbusto,Perenne,No Prioritaria,nativa,NE,NA
438,research,Baccharis anomala,Plantae,Tracheophyta,Magnoliopsida,Asterales,Asteraceae,Baccharis,Baccharis anomala,6,Arbusto,Perenne,No Prioritaria,nativa,NE,NA
143,research,Baccharis articulata,Plantae,Tracheophyta,Magnoliopsida,Asterales,Asteraceae,Baccharis,Baccharis articulata,14,Arbusto,Perenne,No Prioritaria,nativa,NE,NA
469,research,Baccharis breviseta,Plantae,Tracheophyta,Magnoliopsida,Asterales,Asteraceae,Baccharis,Baccharis breviseta,9,Subarbusto,Perenne,No Prioritaria,nativa,NE,NA
69,research,Baccharis coridifolia,Plantae,Tracheophyta,Magnoliopsida,Asterales,Asteraceae,Baccharis,Baccharis coridifolia,13,Arbusto,Perenne,No evaluada,nativa,NE,NA
219,research,Baccharis crispa,Plantae,Tracheophyta,Magnoliopsida,Asterales,Asteraceae,Baccharis,Baccharis crispa,4,Arbusto,Perenne,No evaluada,nativa,NE,NA
477,research,Baccharis cultrata,Plantae,Tracheophyta,Magnoliopsida,Asterales,Asteraceae,Baccharis,Baccharis cultrata,5,Arbusto,Perenne,No Prioritaria,nativa,NE,NA
159,research,Baccharis dracunculifolia,Plantae,Tracheophyta,Magnoliopsida,Asterales,Asteraceae,Baccharis,Baccharis dracunculifolia,12,Arbusto,Perenne,No Prioritaria,nativa,NE,NA
410,research,Baccharis genistifolia,Plantae,Tracheophyta,Magnoliopsida,Asterales,Asteraceae,Baccharis,Baccharis genistifolia,6,Subarbusto ,Perenne,No evaluada,nativa,NE,NA
176,research,Baccharis glutinosa,Plantae,Tracheophyta,Magnoliopsida,Asterales,Asteraceae,Baccharis,Baccharis glutinosa,9,Hierba,Perenne,No evaluada,nativa,NE,NA
363,research,Baccharis gnaphalioides,Plantae,Tracheophyta,Magnoliopsida,Asterales,Asteraceae,Baccharis,Baccharis gnaphalioides,5,Subarbusto,Perenne,No evaluada,nativa,NE,NA
365,research,Baccharis jocheniana,Plantae,Tracheophyta,Magnoliopsida,Asterales,Asteraceae,Baccharis,Baccharis jocheniana,NA,NA,NA,No evaluada,nativa,NE,NA
222,research,Baccharis linearifolia,Plantae,Tracheophyta,Magnoliopsida,Asterales,Asteraceae,Baccharis,Baccharis linearifolia,11,Arbusto,Perenne,Prioritaria,nativa,NE,NA
228,research,Baccharis microdonta,Plantae,Tracheophyta,Magnoliopsida,Asterales,Asteraceae,Baccharis,Baccharis microdonta,7,Arbusto,Perenne,No Prioritaria,nativa,NE,NA
7,research,Baccharis notosergila,Plantae,Tracheophyta,Magnoliopsida,Asterales,Asteraceae,Baccharis,Baccharis notosergila,9,Arbusto,Perenne,No Prioritaria,nativa,NE,NA
162,research,Baccharis ochracea,Plantae,Tracheophyta,Magnoliopsida,Asterales,Asteraceae,Baccharis,Baccharis ochracea,8,Arbusto,Perenne,No evaluada,nativa,NE,NA
216,research,Baccharis oxyodonta,Plantae,Tracheophyta,Magnoliopsida,Asterales,Asteraceae,Baccharis,Baccharis oxyodonta,5,Arbusto,Perenne,No evaluada,nativa,NE,NA
271,research,Baccharis patens,Plantae,Tracheophyta,Magnoliopsida,Asterales,Asteraceae,Baccharis,Baccharis patens,6,Arbusto,Perenne,No evaluada,nativa,NE,NA
286,research,Baccharis phyteumoides,Plantae,Tracheophyta,Magnoliopsida,Asterales,Asteraceae,Baccharis,Baccharis phyteumoides,13,Subarbusto,Perenne,No evaluada,nativa,NE,NA
404,research,Baccharis psiadioides,Plantae,Tracheophyta,Magnoliopsida,Asterales,Asteraceae,Baccharis,Baccharis psiadioides,4,Arbusto,Perenne,Prioritaria,nativa,NE,NA
180,research,Baccharis punctulata,Plantae,Tracheophyta,Magnoliopsida,Asterales,Asteraceae,Baccharis,Baccharis punctulata,12,Arbusto,Perenne,No Prioritaria,nativa,LC,Stable
446,research,Baccharis rectialata,Plantae,Tracheophyta,Magnoliopsida,Asterales,Asteraceae,Baccharis,Baccharis rectialata,3,Subarbusto,Perenne,No evaluada,NA,NE,NA
368,research,Baccharis salicifolia,Plantae,Tracheophyta,Magnoliopsida,Asterales,Asteraceae,Baccharis,Baccharis salicifolia,1,Arbusto,Perenne,No evaluada,NA,LC,Decreasing
260,research,Baccharis spicata,Plantae,Tracheophyta,Magnoliopsida,Asterales,Asteraceae,Baccharis,Baccharis spicata,13,Arbusto,Perenne,No Prioritaria,nativa,NA,NA
272,research,Baccharis tridentata,Plantae,Tracheophyta,Magnoliopsida,Asterales,Asteraceae,Baccharis,Baccharis tridentata,7,Arbusto,Perenne,No Prioritaria,nativa,NA,NA
109,research,Baccharis trimera,Plantae,Tracheophyta,Magnoliopsida,Asterales,Asteraceae,Baccharis,Baccharis trimera,16,Subarbusto,Perenne,No evaluada,nativa,NA,NA
254,research,Baccharis vulneraria,Plantae,Tracheophyta,Magnoliopsida,Asterales,Asteraceae,Baccharis,Baccharis vulneraria,12,Subarbusto,Perenne,No Prioritaria,nativa,NA,NA
423,research,Barrosoa betoniciformis,Plantae,Tracheophyta,Magnoliopsida,Asterales,Asteraceae,Barrosoa,Barrosoa betoniciformis,4,Hierba,Perenne,No evaluada,NA,NA,NA
248,research,Barrosoa candolleana,Plantae,Tracheophyta,Magnoliopsida,Asterales,Asteraceae,Barrosoa,Barrosoa candolleana,NA,,,No evaluada,nativa,NA,NA
66,research,Bauhinia forficata,Plantae,Tracheophyta,Magnoliopsida,Fabales,Fabaceae,Bauhinia,Bauhinia forficata,4,Arbol,Perenne,No Prioritaria,nativa,LC,Stable
489,research,Bauhinia variegata,Plantae,Tracheophyta,Magnoliopsida,Fabales,Fabaceae,Bauhinia,Bauhinia variegata,Na,,,No evaluada,NA,LC,Stable
26,research,Berroa gnaphalioides,Plantae,Tracheophyta,Magnoliopsida,Asterales,Asteraceae,Berroa,Berroa gnaphalioides,8,Hierba,Perenne,No evaluada,nativa,NA,NA
5,research,Bidens aurea,Plantae,Tracheophyta,Magnoliopsida,Asterales,Asteraceae,Bidens,Bidens aurea,NA,,,No evaluada,introducida,NA,NA
238,research,Bidens laevis,Plantae,Tracheophyta,Magnoliopsida,Asterales,Asteraceae,Bidens,Bidens laevis,NA,,,No evaluada,nativa,NA,NA
52,research,Bidens pilosa,Plantae,Tracheophyta,Magnoliopsida,Asterales,Asteraceae,Bidens,Bidens pilosa,6,Hierba,Anual,No evaluada,introducida,NA,NA
88,research,Bidens subalternans,Plantae,Tracheophyta,Magnoliopsida,Asterales,Asteraceae,Bidens,Bidens subalternans,NA,,,No evaluada,nativa,NA,NA
199,research,Bouchetia anomala,Plantae,Tracheophyta,Magnoliopsida,Solanales,Solanaceae,Bouchetia,Bouchetia anomala,7,Hierba,Perenne,No evaluada,nativa,NA,NA
485,research,Brasiliopuntia brasiliensis,Plantae,Tracheophyta,Magnoliopsida,Caryophyllales,Cactaceae,Brasiliopuntia,Brasiliopuntia brasiliensis,NA,NA,NA,No evaluada,NA,LC,Decreasing
327,research,Brugmansia arborea,Plantae,Tracheophyta,Magnoliopsida,Solanales,Solanaceae,Brugmansia,Brugmansia arborea,NA,NA,NA,No evaluada,NA,EW,NA
256,research,Brugmansia suaveolens,Plantae,Tracheophyta,Magnoliopsida,Solanales,Solanaceae,Brugmansia,Brugmansia suaveolens,NA,NA,NA,No evaluada,NA,EW,NA
135,research,Brunfelsia australis,Plantae,Tracheophyta,Magnoliopsida,Solanales,Solanaceae,Brunfelsia,Brunfelsia australis,NA,NA,NA,No evaluada,NA,LC,Stable
149,research,Brunfelsia pauciflora,Plantae,Tracheophyta,Magnoliopsida,Solanales,Solanaceae,Brunfelsia,Brunfelsia pauciflora,NA,NA,NA,No evaluada,introducida,LC,Stable
457,research,Calea clematidea,Plantae,Tracheophyta,Magnoliopsida,Asterales,Asteraceae,Calea,Calea clematidea,3,Arbusto,Perenne,No evaluada,NA,NA,NA
402,research,Calea cymosa,Plantae,Tracheophyta,Magnoliopsida,Asterales,Asteraceae,Calea,Calea cymosa,NA,,,No evaluada,NA,NA,NA
297,research,Calea uniflora,Plantae,Tracheophyta,Magnoliopsida,Asterales,Asteraceae,Calea,Calea uniflora,NA,,,No evaluada,nativa,NA,NA
413,research,Calendula officinalis,Plantae,Tracheophyta,Magnoliopsida,Asterales,Asteraceae,Calendula,Calendula officinalis,NA,,,No evaluada,NA,NA,NA
191,research,Calibrachoa humilis,Plantae,Tracheophyta,Magnoliopsida,Solanales,Solanaceae,Calibrachoa,Calibrachoa humilis,1,Subarbusto,Perenne,Prioritaria,nativa,NA,NA
380,research,Calibrachoa ovalifolia,Plantae,Tracheophyta,Magnoliopsida,Solanales,Solanaceae,Calibrachoa,Calibrachoa ovalifolia,4,Hierba,Perenne,No evaluada,nativa,NA,NA
321,research,Calibrachoa parviflora,Plantae,Tracheophyta,Magnoliopsida,Solanales,Solanaceae,Calibrachoa,Calibrachoa parviflora,8,Hierba,Anual,No evaluada,nativa,NA,NA
375,research,Calibrachoa pubescens,Plantae,Tracheophyta,Magnoliopsida,Solanales,Solanaceae,Calibrachoa,Calibrachoa pubescens,1,Hierba,Perenne,No evaluada,nativa,NA,NA
56,research,Calibrachoa pygmaea,Plantae,Tracheophyta,Magnoliopsida,Solanales,Solanaceae,Calibrachoa,Calibrachoa pygmaea,9,Hierba,Anual,No evaluada,nativa,NA,NA
393,research,Calliandra parvifolia,Plantae,Tracheophyta,Magnoliopsida,Fabales,Fabaceae,Calliandra,Calliandra parvifolia,8,Arbusto,Perenne,No Prioritaria,nativa,LC,Stable
332,research,Calliandra selloi,Plantae,Tracheophyta,Magnoliopsida,Fabales,Fabaceae,Calliandra,Calliandra selloi,4,Arbusto,Perenne,No evaluada,NA,NA,NA
62,research,Calliandra tweediei,Plantae,Tracheophyta,Magnoliopsida,Fabales,Fabaceae,Calliandra,Calliandra tweediei,13,Arbusto,Perenne,No evaluada,NA,LC,Stable
205,research,Calyptocarpus brasiliensis,Plantae,Tracheophyta,Magnoliopsida,Asterales,Asteraceae,Calyptocarpus,Calyptocarpus brasiliensis,NA,NA,NA,No evaluada,NA,NA,NA
12,research,Campovassouria cruciata,Plantae,Tracheophyta,Magnoliopsida,Asterales,Asteraceae,Campovassouria,Campovassouria cruciata,6,Arbusto,Perenne,No prioritaria,nativa,NA,NA
93,research,Camptosema rubicundum,Plantae,Tracheophyta,Magnoliopsida,Fabales,Fabaceae,Camptosema,Camptosema rubicundum,16,Liana,Perenne,No evaluada,nativa,NA,NA
3,research,Campuloclinium macrocephalum,Plantae,Tracheophyta,Magnoliopsida,Asterales,Asteraceae,Campuloclinium,Campuloclinium macrocephalum,16,Hierba,Perenne,No evaluada,nativa,NA,NA
319,research,Canavalia bonariensis,Plantae,Tracheophyta,Magnoliopsida,Fabales,Fabaceae,Canavalia,Canavalia bonariensis,8,Liana,Perenne,No evaluada,nativa,NA,NA
233,research,Capsicum annuum,Plantae,Tracheophyta,Magnoliopsida,Solanales,Solanaceae,Capsicum,Capsicum annuum,1,Arbusto,Perenne,No evaluada,nativa,LC,Stable
106,research,Carduus acanthoides,Plantae,Tracheophyta,Magnoliopsida,Asterales,Asteraceae,Carduus,Carduus acanthoides,6,Hierba,Anual,No evaluada,introducida,NA,NA
157,research,Carduus nutans,Plantae,Tracheophyta,Magnoliopsida,Asterales,Asteraceae,Carduus,Carduus nutans,NA,NA,NA,No evaluada,introducida,NA,NA
389,research,Carduus pycnocephalus,Plantae,Tracheophyta,Magnoliopsida,Asterales,Asteraceae,Carduus,Carduus pycnocephalus,7,Hierba,Anual,No evaluada,introducida,NA,NA
207,research,Carthamus lanatus,Plantae,Tracheophyta,Magnoliopsida,Asterales,Asteraceae,Carthamus,Carthamus lanatus,10,Hierba,Anual,No evaluada,NA,NA,NA
374,research,Centaurea calcitrapa,Plantae,Tracheophyta,Magnoliopsida,Asterales,Asteraceae,Centaurea,Centaurea calcitrapa,9,Hierba,Anual,No evaluada,NA,NA,NA
67,research,Centaurea solstitialis,Plantae,Tracheophyta,Magnoliopsida,Asterales,Asteraceae,Centaurea,Centaurea solstitialis,7,Hierba,Anual,No evaluada,introducida,NA,NA
42,research,Centrosema virginianum,Plantae,Tracheophyta,Magnoliopsida,Fabales,Fabaceae,Centrosema,Centrosema virginianum,7,Hierba,Perenne,No evaluada,nativa,NA,NA
17,research,Cereus hildmannianus,Plantae,Tracheophyta,Magnoliopsida,Caryophyllales,Cactaceae,Cereus,Cereus hildmannianus,NA,,,No evaluada,NA,LC,Decreasing
94,research,Cestrum parqui,Plantae,Tracheophyta,Magnoliopsida,Solanales,Solanaceae,Cestrum,Cestrum parqui,2,Arbusto,Perenne,No Prioritaria,nativa,LC,Stable
371,research,Cestrum strigilatum,Plantae,Tracheophyta,Magnoliopsida,Solanales,Solanaceae,Cestrum,Cestrum strigilatum,2,Arbusto,Perenne,No Prioritaria,nativa,LC,Stable
354,research,Chamaecrista flexuosa,Plantae,Tracheophyta,Magnoliopsida,Fabales,Fabaceae,Chamaecrista,Chamaecrista flexuosa,3,Hierba,Perenne,No evaluada,NA,NA,NA
189,research,Chamaecrista repens,Plantae,Tracheophyta,Magnoliopsida,Fabales,Fabaceae,Chamaecrista,Chamaecrista repens,4,Hierba,Perenne,No evaluada,nativa,NA,NA
75,research,Chamaemelum mixtum,Plantae,Tracheophyta,Magnoliopsida,Asterales,Asteraceae,Chamaemelum,Chamaemelum mixtum,12,Hierba,Anual,No evaluada,NA,NA,NA
288,research,Chaptalia arechavaletae,Plantae,Tracheophyta,Magnoliopsida,Asterales,Asteraceae,Chaptalia,Chaptalia arechavaletae,13,Hierba,Perenne,No evaluada,nativa,NA,NA
278,research,Chaptalia exscapa,Plantae,Tracheophyta,Magnoliopsida,Asterales,Asteraceae,Chaptalia,Chaptalia exscapa,8,Hierba,Perenne,No evaluada,nativa,NA,NA
409,research,Chaptalia integerrima,Plantae,Tracheophyta,Magnoliopsida,Asterales,Asteraceae,Chaptalia,Chaptalia integerrima,9,Hierba,Perenne,No evaluada,nativa,NA,NA
300,research,Chaptalia nutans,Plantae,Tracheophyta,Magnoliopsida,Asterales,Asteraceae,Chaptalia,Chaptalia nutans,4,Hierba,Perenne,No evaluada,nativa,NA,NA
83,research,Chaptalia piloselloides,Plantae,Tracheophyta,Magnoliopsida,Asterales,Asteraceae,Chaptalia,Chaptalia piloselloides,10,Hierba,Perenne,No evaluada,nativa,NA,NA
194,research,Chaptalia sinuata,Plantae,Tracheophyta,Magnoliopsida,Asterales,Asteraceae,Chaptalia,Chaptalia sinuata,7,Hierba,Perenne,No evaluada,nativa,NA,NA
294,research,Chevreulia sarmentosa,Plantae,Tracheophyta,Magnoliopsida,Asterales,Asteraceae,Chevreulia,Chevreulia sarmentosa,9,Hierba,Perenne,No evaluada,nativa,NA,NA
468,research,Chromolaena caaguazuensis,Plantae,Tracheophyta,Magnoliopsida,Asterales,Asteraceae,Chromolaena,Chromolaena caaguazuensis,2,Subarbusto,Perenne,No evaluada,NA,NA,NA
464,research,Chromolaena callilepis,Plantae,Tracheophyta,Magnoliopsida,Asterales,Asteraceae,Chromolaena,Chromolaena callilepis,NA,,,No evaluada,NA,NA,NA
108,research,Chromolaena christieana,Plantae,Tracheophyta,Magnoliopsida,Asterales,Asteraceae,Chromolaena,Chromolaena christieana,NA,,,No evaluada,NA,NA,NA
58,research,Chromolaena hirsuta,Plantae,Tracheophyta,Magnoliopsida,Asterales,Asteraceae,Chromolaena,Chromolaena hirsuta,12,Subarbusto,Perenne,No evaluada,nativa,NA,NA
87,research,Chromolaena ivifolia,Plantae,Tracheophyta,Magnoliopsida,Asterales,Asteraceae,Chromolaena,Chromolaena ivifolia,10,Subarbusto,Perenne,Prioritaria,nativa,NA,NA
235,research,Chromolaena laevigata,Plantae,Tracheophyta,Magnoliopsida,Asterales,Asteraceae,Chromolaena,Chromolaena laevigata,7,Arbusto,Perenne,No Prioritaria,nativa,NA,NA
198,research,Chromolaena squarrulosa,Plantae,Tracheophyta,Magnoliopsida,Asterales,Asteraceae,Chromolaena,Chromolaena squarrulosa,3,Subarbusto,Perenne,No evaluada,nativa,NA,NA
459,research,Chrysanthellum indicum,Plantae,Tracheophyta,Magnoliopsida,Asterales,Asteraceae,Chrysanthellum,Chrysanthellum indicum,NA,,,No evaluada,NA,NA,NA
444,research,Chrysolaena cognata,Plantae,Tracheophyta,Magnoliopsida,Asterales,Asteraceae,Chrysolaena,Chrysolaena cognata,3,Subarbusto,Perenne,No evaluada,nativa,NA,NA
45,research,Chrysolaena flexuosa,Plantae,Tracheophyta,Magnoliopsida,Asterales,Asteraceae,Chrysolaena,Chrysolaena flexuosa,13,Hierba,Perenne,No evaluada,nativa,NA,NA
425,research,Chrysolaena platensis,Plantae,Tracheophyta,Magnoliopsida,Asterales,Asteraceae,Chrysolaena,Chrysolaena platensis,7,Subarbusto,Perenne,No evaluada,nativa,NA,NA
104,research,Cichorium intybus,Plantae,Tracheophyta,Magnoliopsida,Asterales,Asteraceae,Cichorium,Cichorium intybus,4,Hierba,Anual,No evaluada,introducida,NA,NA
48,research,Cirsium vulgare,Plantae,Tracheophyta,Magnoliopsida,Asterales,Asteraceae,Cirsium,Cirsium vulgare,8,Hierba,Anual,No evaluada,introducida,NA,NA
334,research,Clitoria nana,Plantae,Tracheophyta,Magnoliopsida,Fabales,Fabaceae,Clitoria,Clitoria nana,2,Hierba,Anual,Prioritaria,NA,NA,NA
140,research,Coleostephus myconis,Plantae,Tracheophyta,Magnoliopsida,Asterales,Asteraceae,Coleostephus,Coleostephus myconis,6,Hierba,Anual,No evaluada,introducida,NA,NA
202,research,Collaea stenophylla,Plantae,Tracheophyta,Magnoliopsida,Fabales,Fabaceae,Collaea,Collaea stenophylla,8,Subarbusto,Perenne,No Prioritaria,nativa,NA,NA
73,research,Coreopsis lanceolata,Plantae,Tracheophyta,Magnoliopsida,Asterales,Asteraceae,Coreopsis,Coreopsis lanceolata,1,Hierba,Perenne,No evaluada,introducida,NA,NA
315,research,Cosmos bipinnatus,Plantae,Tracheophyta,Magnoliopsida,Asterales,Asteraceae,Cosmos,Cosmos bipinnatus,NA,,,No evaluada,NA,NA,NA
357,research,Cosmos sulphureus,Plantae,Tracheophyta,Magnoliopsida,Asterales,Asteraceae,Cosmos,Cosmos sulphureus,NA,,,No evaluada,NA,NA,NA
279,research,Cotula australis,Plantae,Tracheophyta,Magnoliopsida,Asterales,Asteraceae,Cotula,Cotula australis,7,Hierba,Anual,No evaluada,NA,NA,NA
324,research,Cotula coronopifolia,Plantae,Tracheophyta,Magnoliopsida,Asterales,Asteraceae,Cotula,Cotula coronopifolia,5,Hierba,Perenne,No evaluada,introducida,NA,NA
209,research,Cotula nigellifolia,Plantae,Tracheophyta,Magnoliopsida,Asterales,Asteraceae,Cotula,Cotula nigellifolia,NA,,,No evaluada,introducida,NA,NA
175,research,Criscia stricta,Plantae,Tracheophyta,Magnoliopsida,Asterales,Asteraceae,Criscia,Criscia stricta,15,Hierba,Perenne,No evaluada,nativa,NA,NA
46,research,Cynara cardunculus,Plantae,Tracheophyta,Magnoliopsida,Asterales,Asteraceae,Cynara,Cynara cardunculus,5,Hierba,Perenne,No evaluada,introducida,NA,NA
428,research,Cyrtocymura scorpioides,Plantae,Tracheophyta,Magnoliopsida,Asterales,Asteraceae,Cyrtocymura,Cyrtocymura scorpioides,1,Arbusto,Perenne,No Prioritaria,nativa,NA,NA
442,research,Dasyphyllum spinescens,Plantae,Tracheophyta,Magnoliopsida,Asterales,Asteraceae,Dasyphyllum,Dasyphyllum spinescens,1,Arbol,Perenne,No evaluada,NA,LC,Stable
59,research,Datura ferox,Plantae,Tracheophyta,Magnoliopsida,Solanales,Solanaceae,Datura,Datura ferox,5,Hierba,Anual,No evaluada,nativa,NA,NA
490,research,Delairea odorata,Plantae,Tracheophyta,Magnoliopsida,Asterales,Asteraceae,Delairea,Delairea odorata,2,Hierba,Perenne,No evaluada,introducida,NA,NA
433,research,Desmanthus acuminatus,Plantae,Tracheophyta,Magnoliopsida,Fabales,Fabaceae,Desmanthus,Desmanthus acuminatus,15,Hierba,Perenne,No evaluada,NA,NA,NA
435,research,Desmodium affine,Plantae,Tracheophyta,Magnoliopsida,Fabales,Fabaceae,Desmodium,Desmodium affine,6,Hierba,Perenne,No evaluada,nativa,NA,NA
427,research,Desmodium arechavaletae,Plantae,Tracheophyta,Magnoliopsida,Fabales,Fabaceae,Desmodium,Desmodium arechavaletae,4,Subarbusto,Perenne,No evaluada,NA,NA,NA
70,research,Desmodium incanum,Plantae,Tracheophyta,Magnoliopsida,Fabales,Fabaceae,Desmodium,Desmodium incanum,9,Hierba,Perenne,No evaluada,nativa,NA,NA
408,research,Dimerostemma grisebachii,Plantae,Tracheophyta,Magnoliopsida,Asterales,Asteraceae,Dimerostemma,Dimerostemma grisebachii,NA,,,No evaluada,NA,NA,NA
269,research,Dimorphotheca ecklonis,Plantae,Tracheophyta,Magnoliopsida,Asterales,Asteraceae,Dimorphotheca,Dimorphotheca ecklonis,NA,,,No evaluada,NA,NA,NA
418,research,Discolobium psoraleifolium,Plantae,Tracheophyta,Magnoliopsida,Fabales,Fabaceae,Discolobium,Discolobium psoraleifolium,1,Subarbusto,Perenne,No evaluada,NA,NA,NA
215,research,Echinopsis oxygona,Plantae,Tracheophyta,Magnoliopsida,Caryophyllales,Cactaceae,Echinopsis,Echinopsis oxygona,Rara,,,No evaluada,NA,LC,Stable
373,research,Echinopsis rhodotricha,Plantae,Tracheophyta,Magnoliopsida,Caryophyllales,Cactaceae,Echinopsis,Echinopsis rhodotricha,Rara,,,No evaluada,NA,LC,Stable
27,research,Eclipta elliptica,Plantae,Tracheophyta,Magnoliopsida,Asterales,Asteraceae,Eclipta,Eclipta elliptica,Common,,,No evaluada,nativa,NA,NA
472,research,Eclipta megapotamica,Plantae,Tracheophyta,Magnoliopsida,Asterales,Asteraceae,Eclipta,Eclipta megapotamica,NA,,,No evaluada,nativa,NA,NA
119,research,Eclipta prostrata,Plantae,Tracheophyta,Magnoliopsida,Asterales,Asteraceae,Eclipta,Eclipta prostrata,Common,,,No evaluada,nativa,LC,Stable
200,research,Elephantopus angustifolius,Plantae,Tracheophyta,Magnoliopsida,Asterales,Asteraceae,Elephantopus,Elephantopus angustifolius,Rare,,,No evaluada,NA,NA,NA
60,research,Elephantopus mollis,Plantae,Tracheophyta,Magnoliopsida,Asterales,Asteraceae,Elephantopus,Elephantopus mollis,Rare,,,No evaluada,nativa,NA,NA
125,research,Enterolobium contortisiliquum,Plantae,Tracheophyta,Magnoliopsida,Fabales,Fabaceae,Enterolobium,Enterolobium contortisiliquum,Rara,,,No Prioritaria,nativa,LC,Stable
224,research,Enydra sessilis,Plantae,Tracheophyta,Magnoliopsida,Asterales,Asteraceae,Enydra,Enydra sessilis,Rare,,,No evaluada,nativa,NA,NA
234,research,Epiphyllum oxypetalum,Plantae,Tracheophyta,Magnoliopsida,Caryophyllales,Cactaceae,Epiphyllum,Epiphyllum oxypetalum,NA,,,No evaluada,NA,LC,Stable
239,research,Erechtites hieraciifolius,Plantae,Tracheophyta,Magnoliopsida,Asterales,Asteraceae,Erechtites,Erechtites hieraciifolius,Common,,,No evaluada,introducida,NA,NA
467,research,Erechtites valerianifolius,Plantae,Tracheophyta,Magnoliopsida,Asterales,Asteraceae,Erechtites,Erechtites valerianifolius,Rare,,,No evaluada,nativa,NA,NA
53,research,Erigeron blakei,Plantae,Tracheophyta,Magnoliopsida,Asterales,Asteraceae,Erigeron,Erigeron blakei,Abundante,,,No evaluada,NA,NA,NA
160,research,Erigeron bonariensis,Plantae,Tracheophyta,Magnoliopsida,Asterales,Asteraceae,Erigeron,Erigeron bonariensis,Rare,,,No evaluada,NA,NA,NA
323,research,Erigeron canadensis,Plantae,Tracheophyta,Magnoliopsida,Asterales,Asteraceae,Erigeron,Erigeron canadensis,NA,,,No evaluada,NA,NA,NA
139,research,Erigeron lorentzii,Plantae,Tracheophyta,Magnoliopsida,Asterales,Asteraceae,Erigeron,Erigeron lorentzii,Rare,,,No evaluada,NA,NA,NA
420,research,Erigeron primulifolius,Plantae,Tracheophyta,Magnoliopsida,Asterales,Asteraceae,Erigeron,Erigeron primulifolius,NA,,,No evaluada,NA,NA,NA
23,research,Erythrina crista-galli,Plantae,Tracheophyta,Magnoliopsida,Fabales,Fabaceae,Erythrina,Erythrina crista-galli,Comun,,,No Prioritaria,nativa,LC,Stable
308,research,Erythrostemon gilliesii,Plantae,Tracheophyta,Magnoliopsida,Fabales,Fabaceae,Erythrostemon,Erythrostemon gilliesii,Rara,,,No Prioritaria,nativa,NA,NA
473,research,Euryops chrysanthemoides,Plantae,Tracheophyta,Magnoliopsida,Asterales,Asteraceae,Euryops,Euryops chrysanthemoides,NA,,,No evaluada,NA,NA,NA
384,research,Exostigma notobellidiastrum,Plantae,Tracheophyta,Magnoliopsida,Asterales,Asteraceae,Exostigma,Exostigma notobellidiastrum,Rare,,,No evaluada,nativa,NA,NA
309,research,Exostigma rivulare,Plantae,Tracheophyta,Magnoliopsida,Asterales,Asteraceae,Exostigma,Exostigma rivulare,Rare,,,No evaluada,NA,NA,NA
364,research,Facelis retusa,Plantae,Tracheophyta,Magnoliopsida,Asterales,Asteraceae,Facelis,Facelis retusa,Abundante,,,No evaluada,nativa,NA,NA
130,research,Frailea gracillima,Plantae,Tracheophyta,Magnoliopsida,Caryophyllales,Cactaceae,Frailea,Frailea gracillima,Rara,,,Prioritaria,NA,VU,Decreasing
214,research,Frailea pumila,Plantae,Tracheophyta,Magnoliopsida,Caryophyllales,Cactaceae,Frailea,Frailea pumila,Rara,,,Prioritaria,NA,LC,Stable
21,research,Frailea pygmaea,Plantae,Tracheophyta,Magnoliopsida,Caryophyllales,Cactaceae,Frailea,Frailea pygmaea,Comun,,,No evaluada,nativa,LC,Stable
347,research,Frailea schilinzkyana,Plantae,Tracheophyta,Magnoliopsida,Caryophyllales,Cactaceae,Frailea,Frailea schilinzkyana,Rara,,,Prioritaria,nativa,VU,Decreasing
317,research,Galactia australis,Plantae,Tracheophyta,Magnoliopsida,Fabales,Fabaceae,Galactia,Galactia australis,Comun,,,No evaluada,NA,NA,NA
471,research,Galactia benthamiana,Plantae,Tracheophyta,Magnoliopsida,Fabales,Fabaceae,Galactia,Galactia benthamiana,Comun,,,No evaluada,NA,NA,NA
414,research,Galactia gracillima,Plantae,Tracheophyta,Magnoliopsida,Fabales,Fabaceae,Galactia,Galactia gracillima,Rara,,,No evaluada,NA,NA,NA
114,research,Galactia marginalis,Plantae,Tracheophyta,Magnoliopsida,Fabales,Fabaceae,Galactia,Galactia marginalis,Rara,,,No evaluada,nativa,NA,NA
406,research,Galactia pretiosa,Plantae,Tracheophyta,Magnoliopsida,Fabales,Fabaceae,Galactia,Galactia pretiosa,Rara,,,No evaluada,NA,NA,NA
120,research,Galinsoga parviflora,Plantae,Tracheophyta,Magnoliopsida,Asterales,Asteraceae,Galinsoga,Galinsoga parviflora,NA,,,No evaluada,NA,NA,NA
400,research,Galinsoga quadriradiata,Plantae,Tracheophyta,Magnoliopsida,Asterales,Asteraceae,Galinsoga,Galinsoga quadriradiata,NA,,,No evaluada,NA,NA,NA
295,research,Gamochaeta americana,Plantae,Tracheophyta,Magnoliopsida,Asterales,Asteraceae,Gamochaeta,Gamochaeta americana,Abundante,,,No evaluada,nativa,NA,NA
8,research,Gamochaeta falcata,Plantae,Tracheophyta,Magnoliopsida,Asterales,Asteraceae,Gamochaeta,Gamochaeta falcata,Common,,,No evaluada,nativa,NA,NA
326,research,Gazania rigens,Plantae,Tracheophyta,Magnoliopsida,Asterales,Asteraceae,Gazania,Gazania rigens,NA,,,No evaluada,NA,NA,NA
291,research,Genista monspessulana,Plantae,Tracheophyta,Magnoliopsida,Fabales,Fabaceae,Genista,Genista monspessulana,Rara,,,No evaluada,NA,NA,NA
105,research,Geoffroea decorticans,Plantae,Tracheophyta,Magnoliopsida,Fabales,Fabaceae,Geoffroea,Geoffroea decorticans,Rara,,,No Prioritaria,nativa,LC,Stable
247,research,Glebionis coronaria,Plantae,Tracheophyta,Magnoliopsida,Asterales,Asteraceae,Glebionis,Glebionis coronaria,Rare,,,No evaluada,NA,NA,NA
340,research,Gleditsia amorphoides,Plantae,Tracheophyta,Magnoliopsida,Fabales,Fabaceae,Gleditsia,Gleditsia amorphoides,Rara,,,Prioritaria,nativa,NA,NA
142,research,Gleditsia triacanthos,Plantae,Tracheophyta,Magnoliopsida,Fabales,Fabaceae,Gleditsia,Gleditsia triacanthos,Rara,,,No evaluada,introducida,LC,Stable
333,research,Glycine max,Plantae,Tracheophyta,Magnoliopsida,Fabales,Fabaceae,Glycine,Glycine max,Rara,,,No evaluada,NA,NA,NA
265,research,Grazielia brevipetiolata,Plantae,Tracheophyta,Magnoliopsida,Asterales,Asteraceae,Grazielia,Grazielia brevipetiolata,Rare,,,Prioritaria,nativa,NA,NA
401,research,Grazielia intermedia,Plantae,Tracheophyta,Magnoliopsida,Asterales,Asteraceae,Grazielia,Grazielia intermedia,Rare,,,No Prioritaria,nativa,NA,NA
55,research,Grazielia serrata,Plantae,Tracheophyta,Magnoliopsida,Asterales,Asteraceae,Grazielia,Grazielia serrata,Common,,,No Prioritaria,nativa,NA,NA
270,research,Grindelia orientalis,Plantae,Tracheophyta,Magnoliopsida,Asterales,Asteraceae,Grindelia,Grindelia orientalis,Rare,,,Prioritaria,nativa,NA,NA
71,research,Grindelia pulchella,Plantae,Tracheophyta,Magnoliopsida,Asterales,Asteraceae,Grindelia,Grindelia pulchella,Rare,,,No evaluada,nativa,NA,NA
430,research,Gymnocalycium denudatum,Plantae,Tracheophyta,Magnoliopsida,Caryophyllales,Cactaceae,Gymnocalycium,Gymnocalycium denudatum,Rara,,,Prioritaria,nativa,EN,Decreasing
407,research,Gymnocalycium hyptiacanthum,Plantae,Tracheophyta,Magnoliopsida,Caryophyllales,Cactaceae,Gymnocalycium,Gymnocalycium hyptiacanthum,Comun,,,No evaluada,NA,LC,Decreasing
356,research,Gymnocalycium schroederianum,Plantae,Tracheophyta,Magnoliopsida,Caryophyllales,Cactaceae,Gymnocalycium,Gymnocalycium schroederianum,Rara,,,Prioritaria,NA,LC,Stable
381,research,Gymnocalycium uruguayense,Plantae,Tracheophyta,Magnoliopsida,Caryophyllales,Cactaceae,Gymnocalycium,Gymnocalycium uruguayense,Abundante,,,No evaluada,NA,VU,Decreasing
101,research,Gymnocoronis spilanthoides,Plantae,Tracheophyta,Magnoliopsida,Asterales,Asteraceae,Gymnocoronis,Gymnocoronis spilanthoides,Abundante,,,No evaluada,nativa,NA,NA
310,research,Gyptis commersonii,Plantae,Tracheophyta,Magnoliopsida,Asterales,Asteraceae,Gyptis,Gyptis commersonii,Abundante,,,No evaluada,NA,NA,NA
447,research,Gyptis lanigera,Plantae,Tracheophyta,Magnoliopsida,Asterales,Asteraceae,Gyptis,Gyptis lanigera,Common,,,No Prioritaria,nativa,NA,NA
262,research,Gyptis pinnatifida,Plantae,Tracheophyta,Magnoliopsida,Asterales,Asteraceae,Gyptis,Gyptis pinnatifida,Abundante,,,No evaluada,NA,NA,NA
10,research,Gyptis tanacetifolia,Plantae,Tracheophyta,Magnoliopsida,Asterales,Asteraceae,Gyptis,Gyptis tanacetifolia,Abundante,,,No evaluada,nativa,NA,NA
337,research,Harrisia bonplandii,Plantae,Tracheophyta,Magnoliopsida,Caryophyllales,Cactaceae,Harrisia,Harrisia bonplandii,NA,,,No evaluada,NA,NA,NA
336,research,Harrisia regelii,Plantae,Tracheophyta,Magnoliopsida,Caryophyllales,Cactaceae,Harrisia,Harrisia regelii,Rara,,,No evaluada,NA,LC,Stable
246,research,Hatschbachiella tweedieana,Plantae,Tracheophyta,Magnoliopsida,Asterales,Asteraceae,Hatschbachiella,Hatschbachiella tweedieana,Abundante,,,No evaluada,nativa,NA,NA
145,research,Hedypnois rhagadioloides,Plantae,Tracheophyta,Magnoliopsida,Asterales,Asteraceae,Hedypnois,Hedypnois rhagadioloides,Common,,,No evaluada,introducida,NA,NA
213,research,Helenium amarum,Plantae,Tracheophyta,Magnoliopsida,Asterales,Asteraceae,Helenium,Helenium amarum,NA,,,No evaluada,introducida,NA,NA
72,research,Helenium radiatum,Plantae,Tracheophyta,Magnoliopsida,Asterales,Asteraceae,Helenium,Helenium radiatum,Abundante,,,No evaluada,nativa,NA,NA
137,research,Helianthus annuus,Plantae,Tracheophyta,Magnoliopsida,Asterales,Asteraceae,Helianthus,Helianthus annuus,NA,,,No evaluada,NA,LC,Stable
124,research,Helianthus tuberosus,Plantae,Tracheophyta,Magnoliopsida,Asterales,Asteraceae,Helianthus,Helianthus tuberosus,Rare,,,No evaluada,NA,LC,Stable
158,research,Helminthotheca echioides,Plantae,Tracheophyta,Magnoliopsida,Asterales,Asteraceae,Helminthotheca,Helminthotheca echioides,Rare,,,No evaluada,introducida,NA,NA
153,research,Hieracium commersonii,Plantae,Tracheophyta,Magnoliopsida,Asterales,Asteraceae,Hieracium,Hieracium commersonii,Abundante,,,No evaluada,nativa,NA,NA
304,research,Holocheilus brasiliensis,Plantae,Tracheophyta,Magnoliopsida,Asterales,Asteraceae,Holocheilus,Holocheilus brasiliensis,Abundante,,,No evaluada,nativa,NA,NA
95,research,Holocheilus hieracioides,Plantae,Tracheophyta,Magnoliopsida,Asterales,Asteraceae,Holocheilus,Holocheilus hieracioides,Abundante,,,No evaluada,nativa,NA,NA
138,research,Hymenoxys anthemoides,Plantae,Tracheophyta,Magnoliopsida,Asterales,Asteraceae,Hymenoxys,Hymenoxys anthemoides,Common,,,No evaluada,nativa,NA,NA
122,research,Hypochaeris albiflora,Plantae,Tracheophyta,Magnoliopsida,Asterales,Asteraceae,Hypochaeris,Hypochaeris albiflora,Rara,,,No evaluada,nativa,NA,NA
147,research,Hypochaeris chillensis,Plantae,Tracheophyta,Magnoliopsida,Asterales,Asteraceae,Hypochaeris,Hypochaeris chillensis,Abundante,,,No evaluada,nativa,NA,NA
432,research,Hypochaeris grisebachii,Plantae,Tracheophyta,Magnoliopsida,Asterales,Asteraceae,Hypochaeris,Hypochaeris grisebachii,Rare,,,No evaluada,NA,NA,NA
298,research,Hypochaeris megapotamica,Plantae,Tracheophyta,Magnoliopsida,Asterales,Asteraceae,Hypochaeris,Hypochaeris megapotamica,Abundante,,,No evaluada,nativa,NA,NA
18,research,Hypochaeris radicata,Plantae,Tracheophyta,Magnoliopsida,Asterales,Asteraceae,Hypochaeris,Hypochaeris radicata,Common,,,No evaluada,introducida,NA,NA
299,research,Hypochaeris variegata,Plantae,Tracheophyta,Magnoliopsida,Asterales,Asteraceae,Hypochaeris,Hypochaeris variegata,Rare,,,No evaluada,NA,NA,NA
405,research,Hysterionica chamomilloides,Plantae,Tracheophyta,Magnoliopsida,Asterales,Asteraceae,Hysterionica,Hysterionica chamomilloides,Rare,,,No evaluada,NA,NA,NA
343,research,Hysterionica montevidensis,Plantae,Tracheophyta,Magnoliopsida,Asterales,Asteraceae,Hysterionica,Hysterionica montevidensis,NA,,,No evaluada,NA,NA,NA
183,research,Hysterionica resinosa,Plantae,Tracheophyta,Magnoliopsida,Asterales,Asteraceae,Hysterionica,Hysterionica resinosa,Common,,,No evaluada,NA,NA,NA
341,research,Indigofera asperifolia,Plantae,Tracheophyta,Magnoliopsida,Fabales,Fabaceae,Indigofera,Indigofera asperifolia,Comun,,,No evaluada,nativa,LC,Unknown
241,research,Inga uraguensis,Plantae,Tracheophyta,Magnoliopsida,Fabales,Fabaceae,Inga,Inga uraguensis,Comun,,,No evaluada,nativa,NA,NA
192,research,Isostigma peucedanifolium,Plantae,Tracheophyta,Magnoliopsida,Asterales,Asteraceae,Isostigma,Isostigma peucedanifolium,NA,,,No evaluada,nativa,NA,NA
330,research,Jaborosa integrifolia,Plantae,Tracheophyta,Magnoliopsida,Solanales,Solanaceae,Jaborosa,Jaborosa integrifolia,Rara,,,No evaluada,nativa,NA,NA
90,research,Jaborosa runcinata,Plantae,Tracheophyta,Magnoliopsida,Solanales,Solanaceae,Jaborosa,Jaborosa runcinata,Rara,,,No evaluada,nativa,NA,NA
217,research,Jaumea linearifolia,Plantae,Tracheophyta,Magnoliopsida,Asterales,Asteraceae,Jaumea,Jaumea linearifolia,Rare,,,No evaluada,nativa,NA,NA
463,research,Jungia floribunda,Plantae,Tracheophyta,Magnoliopsida,Asterales,Asteraceae,Jungia,Jungia floribunda,Rare,,,No evaluada,nativa,NA,NA
325,research,Lactuca saligna,Plantae,Tracheophyta,Magnoliopsida,Asterales,Asteraceae,Lactuca,Lactuca saligna,Rare,,,No evaluada,introducida,NA,NA
424,research,Lactuca sativa,Plantae,Tracheophyta,Magnoliopsida,Asterales,Asteraceae,Lactuca,Lactuca sativa,NA,,,No evaluada,NA,NA,NA
166,research,Lactuca serriola,Plantae,Tracheophyta,Magnoliopsida,Asterales,Asteraceae,Lactuca,Lactuca serriola,Common,,,No evaluada,introducida,NA,NA
156,research,Lathyrus nervosus,Plantae,Tracheophyta,Magnoliopsida,Fabales,Fabaceae,Lathyrus,Lathyrus nervosus,Comun,,,No evaluada,nativa,NA,NA
287,research,Lathyrus pubescens,Plantae,Tracheophyta,Magnoliopsida,Fabales,Fabaceae,Lathyrus,Lathyrus pubescens,Abundante,,,No evaluada,nativa,NA,NA
379,research,Lathyrus pusillus,Plantae,Tracheophyta,Magnoliopsida,Fabales,Fabaceae,Lathyrus,Lathyrus pusillus,Abundante,,,No evaluada,nativa,NA,NA
378,research,Lathyrus subulatus,Plantae,Tracheophyta,Magnoliopsida,Fabales,Fabaceae,Lathyrus,Lathyrus subulatus,Abundante,,,No evaluada,nativa,NA,NA
440,research,Lepismium cruciforme,Plantae,Tracheophyta,Magnoliopsida,Caryophyllales,Cactaceae,Lepismium,Lepismium cruciforme,Rara,,,Prioritaria,NA,LC,Decreasing
100,research,Lepismium lumbricoides,Plantae,Tracheophyta,Magnoliopsida,Caryophyllales,Cactaceae,Lepismium,Lepismium lumbricoides,Abundante,,,No evaluada,NA,LC,Stable
466,research,Leptospron adenanthum,Plantae,Tracheophyta,Magnoliopsida,Fabales,Fabaceae,Leptospron,Leptospron adenanthum,Comun,,,No evaluada,nativa,NA,NA
458,research,Lespedeza bicolor,Plantae,Tracheophyta,Magnoliopsida,Fabales,Fabaceae,Lespedeza,Lespedeza bicolor,NA,,,No evaluada,NA,NA,NA
403,research,Lessingianthus brevifolius,Plantae,Tracheophyta,Magnoliopsida,Asterales,Asteraceae,Lessingianthus,Lessingianthus brevifolius,Rare,,,No evaluada,nativa,NA,NA
422,research,Lessingianthus glabratus,Plantae,Tracheophyta,Magnoliopsida,Asterales,Asteraceae,Lessingianthus,Lessingianthus glabratus,Rare,,,Prioritaria,nativa,NA,NA
169,research,Lessingianthus macrocephalus,Plantae,Tracheophyta,Magnoliopsida,Asterales,Asteraceae,Lessingianthus,Lessingianthus macrocephalus,Rare,,,Prioritaria,nativa,NA,NA
96,research,Lessingianthus plantaginodes,Plantae,Tracheophyta,Magnoliopsida,Asterales,Asteraceae,Lessingianthus,Lessingianthus plantaginodes,Rare,,,No evaluada,nativa,NA,NA
398,research,Lessingianthus rubricaulis,Plantae,Tracheophyta,Magnoliopsida,Asterales,Asteraceae,Lessingianthus,Lessingianthus rubricaulis,Rare,,,No evaluada,NA,NA,NA
419,research,Lessingianthus sellowii,Plantae,Tracheophyta,Magnoliopsida,Asterales,Asteraceae,Lessingianthus,Lessingianthus sellowii,Rare,,,No evaluada,nativa,NA,NA
284,research,Leucanthemum vulgare,Plantae,Tracheophyta,Magnoliopsida,Asterales,Asteraceae,Leucanthemum,Leucanthemum vulgare,Rare,,,No evaluada,NA,NA,NA
103,research,Lotus corniculatus,Plantae,Tracheophyta,Magnoliopsida,Fabales,Fabaceae,Lotus,Lotus corniculatus,Rara,,,No evaluada,introducida,NA,NA
397,research,Lotus subbiflorus,Plantae,Tracheophyta,Magnoliopsida,Fabales,Fabaceae,Lotus,Lotus subbiflorus,Comun,,,No evaluada,NA,NA,NA
208,research,Lotus tenuis,Plantae,Tracheophyta,Magnoliopsida,Fabales,Fabaceae,Lotus,Lotus tenuis,Rara,,,No evaluada,NA,NA,NA
227,research,Lucilia acutifolia,Plantae,Tracheophyta,Magnoliopsida,Asterales,Asteraceae,Lucilia,Lucilia acutifolia,Abundante,,,No evaluada,nativa,NA,NA
221,research,Lucilia nitens,Plantae,Tracheophyta,Magnoliopsida,Asterales,Asteraceae,Lucilia,Lucilia nitens,Abundante,,,No evaluada,nativa,NA,NA
382,research,Lupinus albescens,Plantae,Tracheophyta,Magnoliopsida,Fabales,Fabaceae,Lupinus,Lupinus albescens,Comun,,,No evaluada,NA,NA,NA
80,research,Lupinus bracteolaris,Plantae,Tracheophyta,Magnoliopsida,Fabales,Fabaceae,Lupinus,Lupinus bracteolaris,Abundante,,,No evaluada,nativa,NA,NA
275,research,Lupinus gibertianus,Plantae,Tracheophyta,Magnoliopsida,Fabales,Fabaceae,Lupinus,Lupinus gibertianus,Abundate,,,No evaluada,nativa,NA,NA
350,research,Lupinus lanatus,Plantae,Tracheophyta,Magnoliopsida,Fabales,Fabaceae,Lupinus,Lupinus lanatus,Rara,,,Prioritaria,NA,NA,NA
486,research,Lupinus linearis,Plantae,Tracheophyta,Magnoliopsida,Fabales,Fabaceae,Lupinus,Lupinus linearis,Abundate,,,Prioritaria,nativa,NA,NA
47,research,Lupinus multiflorus,Plantae,Tracheophyta,Magnoliopsida,Fabales,Fabaceae,Lupinus,Lupinus multiflorus,Comun,,,No evaluada,nativa,NA,NA
481,research,Lycium boerhaviifolium,Plantae,Tracheophyta,Magnoliopsida,Solanales,Solanaceae,Lycium,Lycium boerhaviifolium,Rara,,,No Prioritaria,nativa,NA,NA
345,research,Lycium ciliatum,Plantae,Tracheophyta,Magnoliopsida,Solanales,Solanaceae,Lycium,Lycium ciliatum,NA,,,Prioritaria,nativa,NA,NA
453,research,Macroptilium lathyroides,Plantae,Tracheophyta,Magnoliopsida,Fabales,Fabaceae,Macroptilium,Macroptilium lathyroides,Rara,,,No evaluada,NA,NA,NA
107,research,Macroptilium prostratum,Plantae,Tracheophyta,Magnoliopsida,Fabales,Fabaceae,Macroptilium,Macroptilium prostratum,Abundante,,,No evaluada,nativa,NA,NA
11,research,Matricaria chamomilla,Plantae,Tracheophyta,Magnoliopsida,Asterales,Asteraceae,Matricaria,Matricaria chamomilla,Rare,,,No evaluada,introducida,NA,NA
296,research,Medicago arabica,Plantae,Tracheophyta,Magnoliopsida,Fabales,Fabaceae,Medicago,Medicago arabica,Comun,,,No evaluada,NA,NA,NA
268,research,Medicago lupulina,Plantae,Tracheophyta,Magnoliopsida,Fabales,Fabaceae,Medicago,Medicago lupulina,Comun,,,No evaluada,introducida,NA,NA
387,research,Medicago minima,Plantae,Tracheophyta,Magnoliopsida,Fabales,Fabaceae,Medicago,Medicago minima,Abundante,,,No evaluada,NA,NA,NA
370,research,Medicago polymorpha,Plantae,Tracheophyta,Magnoliopsida,Fabales,Fabaceae,Medicago,Medicago polymorpha,Rara,,,No evaluada,introducida,NA,NA
118,research,Medicago sativa,Plantae,Tracheophyta,Magnoliopsida,Fabales,Fabaceae,Medicago,Medicago sativa,Rara,,,No evaluada,introducida,LC,Stable
167,research,Melilotus albus,Plantae,Tracheophyta,Magnoliopsida,Fabales,Fabaceae,Melilotus,Melilotus albus,Rara,,,No evaluada,introducida,NA,NA
303,research,Melilotus indicus,Plantae,Tracheophyta,Magnoliopsida,Fabales,Fabaceae,Melilotus,Melilotus indicus,Comun,,,No evaluada,introducida,NA,NA
421,research,Microgyne marchesiana,Plantae,Tracheophyta,Magnoliopsida,Asterales,Asteraceae,Microgyne,Microgyne marchesiana,Rare,,,Prioritaria,nativa,NA,NA
24,research,Microgyne trifurcata,Plantae,Tracheophyta,Magnoliopsida,Asterales,Asteraceae,Microgyne,Microgyne trifurcata,Abundante,,,No evaluada,nativa,NA,NA
367,research,Micropsis spathulata,Plantae,Tracheophyta,Magnoliopsida,Asterales,Asteraceae,Micropsis,Micropsis spathulata,Abundante,,,No evaluada,NA,NA,NA
460,research,Mikania anethifolia,Plantae,Tracheophyta,Magnoliopsida,Asterales,Asteraceae,Mikania,Mikania anethifolia,Common,,,No evaluada,NA,NA,NA
240,research,Mikania cordifolia,Plantae,Tracheophyta,Magnoliopsida,Asterales,Asteraceae,Mikania,Mikania cordifolia,Common,,,No evaluada,nativa,NA,NA
395,research,Mikania involucrata,Plantae,Tracheophyta,Magnoliopsida,Asterales,Asteraceae,Mikania,Mikania involucrata,Rare,,,No evaluada,nativa,NA,NA
443,research,Mikania pinnatiloba,Plantae,Tracheophyta,Magnoliopsida,Asterales,Asteraceae,Mikania,Mikania pinnatiloba,NA,,,No evaluada,NA,NA,NA
245,research,Mikania thapsoides,Plantae,Tracheophyta,Magnoliopsida,Asterales,Asteraceae,Mikania,Mikania thapsoides,NA,,,No evaluada,nativa,NA,NA
54,research,Mimosa australis,Plantae,Tracheophyta,Magnoliopsida,Fabales,Fabaceae,Mimosa,Mimosa australis,Rara,,,Prioritaria,NA,NA,NA
376,research,Mimosa axillarioides,Plantae,Tracheophyta,Magnoliopsida,Fabales,Fabaceae,Mimosa,Mimosa axillarioides,Rara,,,No evaluada,NA,NA,NA
41,research,Mimosa bifurca,Plantae,Tracheophyta,Magnoliopsida,Fabales,Fabaceae,Mimosa,Mimosa bifurca,Rara,,,Prioritaria,nativa,NA,NA
437,research,Mimosa bimucronata,Plantae,Tracheophyta,Magnoliopsida,Fabales,Fabaceae,Mimosa,Mimosa bimucronata,Rara,,,Prioritaria,nativa,LC,Stable
302,research,Mimosa burkartii,Plantae,Tracheophyta,Magnoliopsida,Fabales,Fabaceae,Mimosa,Mimosa burkartii,Rara,,,Prioritaria,NA,NA,NA
212,research,Mimosa dutrae,Plantae,Tracheophyta,Magnoliopsida,Fabales,Fabaceae,Mimosa,Mimosa dutrae,Rara,,,Prioritaria,nativa,NA,NA
244,research,Mimosa flagellaris,Plantae,Tracheophyta,Magnoliopsida,Fabales,Fabaceae,Mimosa,Mimosa flagellaris,Rara,,,No evaluada,nativa,NA,NA
454,research,Mimosa magentea,Plantae,Tracheophyta,Magnoliopsida,Fabales,Fabaceae,Mimosa,Mimosa magentea,Rara,,,Prioritaria,NA,NA,NA
451,research,Mimosa paupera,Plantae,Tracheophyta,Magnoliopsida,Fabales,Fabaceae,Mimosa,Mimosa paupera,Rara,,,No evaluada,nativa,NA,NA
452,research,Mimosa pigra,Plantae,Tracheophyta,Magnoliopsida,Fabales,Fabaceae,Mimosa,Mimosa pigra,NA,,,No Prioritaria,nativa,LC,Stable
331,research,Mimosa pilulifera,Plantae,Tracheophyta,Magnoliopsida,Fabales,Fabaceae,Mimosa,Mimosa pilulifera,Comun,,,No Prioritaria,nativa,LC,Stable
211,research,Mimosa ramulosa,Plantae,Tracheophyta,Magnoliopsida,Fabales,Fabaceae,Mimosa,Mimosa ramulosa,Comun,,,No Prioritaria,nativa,NA,NA
377,research,Mimosa schleidenii,Plantae,Tracheophyta,Magnoliopsida,Fabales,Fabaceae,Mimosa,Mimosa schleidenii,Comun,,,Prioritaria,NA,NA,NA
259,research,Mimosa sprengelii,Plantae,Tracheophyta,Magnoliopsida,Fabales,Fabaceae,Mimosa,Mimosa sprengelii,Comun,,,No Prioritaria,nativa,NA,NA
218,research,Mimosa strigillosa,Plantae,Tracheophyta,Magnoliopsida,Fabales,Fabaceae,Mimosa,Mimosa strigillosa,Rara,,,No evaluada,nativa,NA,NA
172,research,Mimosa uraguensis,Plantae,Tracheophyta,Magnoliopsida,Fabales,Fabaceae,Mimosa,Mimosa uraguensis,Comun,,,No Prioritaria,nativa,NA,NA
429,research,Moquiniastrum polymorphum,Plantae,Tracheophyta,Magnoliopsida,Asterales,Asteraceae,Moquiniastrum,Moquiniastrum polymorphum,Common,,,No Prioritaria,nativa,LC,Stable
173,research,Mutisia coccinea,Plantae,Tracheophyta,Magnoliopsida,Asterales,Asteraceae,Mutisia,Mutisia coccinea,Rare,,,No evaluada,nativa,NA,NA
195,research,Neja pinifolia,Plantae,Tracheophyta,Magnoliopsida,Asterales,Asteraceae,Neja,Neja pinifolia,Common,,,No evaluada,NA,NA,NA
196,research,Neptunia pubescens,Plantae,Tracheophyta,Magnoliopsida,Fabales,Fabaceae,Neptunia,Neptunia pubescens,Rara,,,No evaluada,nativa,NA,NA
492,research,Nicotiana alata,Plantae,Tracheophyta,Magnoliopsida,Solanales,Solanaceae,Nicotiana,Nicotiana alata,Comun,,,No evaluada,NA,NA,NA
290,research,Nicotiana bonariensis,Plantae,Tracheophyta,Magnoliopsida,Solanales,Solanaceae,Nicotiana,Nicotiana bonariensis,Comun,,,No evaluada,NA,NA,NA
285,research,Nicotiana glauca,Plantae,Tracheophyta,Magnoliopsida,Solanales,Solanaceae,Nicotiana,Nicotiana glauca,Rara,,,No evaluada,introducida,NA,NA
2,research,Nicotiana longiflora,Plantae,Tracheophyta,Magnoliopsida,Solanales,Solanaceae,Nicotiana,Nicotiana longiflora,Comun,,,No evaluada,nativa,NA,NA
366,research,Nicotiana tabacum,Plantae,Tracheophyta,Magnoliopsida,Solanales,Solanaceae,Nicotiana,Nicotiana tabacum,NA,,,No evaluada,NA,NA,NA
204,research,Nierembergia aristata,Plantae,Tracheophyta,Magnoliopsida,Solanales,Solanaceae,Nierembergia,Nierembergia aristata,Rara,,,Prioritaria,nativa,NA,NA
102,research,Nierembergia calycina,Plantae,Tracheophyta,Magnoliopsida,Solanales,Solanaceae,Nierembergia,Nierembergia calycina,Rara,,,Prioritaria,nativa,NA,NA
390,research,Nierembergia ericoides,Plantae,Tracheophyta,Magnoliopsida,Solanales,Solanaceae,Nierembergia,Nierembergia ericoides,NA,,,Prioritaria,nativa,NA,NA
51,research,Nierembergia linariifolia,Plantae,Tracheophyta,Magnoliopsida,Solanales,Solanaceae,Nierembergia,Nierembergia linariifolia,Rara,,,No evaluada,nativa,NA,NA
305,research,Nierembergia rivularis,Plantae,Tracheophyta,Magnoliopsida,Solanales,Solanaceae,Nierembergia,Nierembergia rivularis,Rara,,,No evaluada,nativa,NA,NA
258,research,Nierembergia scoparia,Plantae,Tracheophyta,Magnoliopsida,Solanales,Solanaceae,Nierembergia,Nierembergia scoparia,Comun,,,No evaluada,nativa,NA,NA
230,research,Noticastrum acuminatum,Plantae,Tracheophyta,Magnoliopsida,Asterales,Asteraceae,Noticastrum,Noticastrum acuminatum,Common,,,No evaluada,nativa,NA,NA
4,research,Noticastrum diffusum,Plantae,Tracheophyta,Magnoliopsida,Asterales,Asteraceae,Noticastrum,Noticastrum diffusum,Abuntante,,,No evaluada,nativa,NA,NA
231,research,Noticastrum malmei,Plantae,Tracheophyta,Magnoliopsida,Asterales,Asteraceae,Noticastrum,Noticastrum malmei,Rare,,,Prioritaria,nativa,NA,NA
352,research,Noticastrum marginatum,Plantae,Tracheophyta,Magnoliopsida,Asterales,Asteraceae,Noticastrum,Noticastrum marginatum,NA,,,No evaluada,NA,NA,NA
30,research,Opuntia arechavaletae,Plantae,Tracheophyta,Magnoliopsida,Caryophyllales,Cactaceae,Opuntia,Opuntia arechavaletae,Rara,,,No evaluada,nativa,LC,Unknown
132,research,Opuntia aurantiaca,Plantae,Tracheophyta,Magnoliopsida,Caryophyllales,Cactaceae,Opuntia,Opuntia aurantiaca,Rara,,,No evaluada,nativa,LC,Stable
50,research,Opuntia bonaerensis,Plantae,Tracheophyta,Magnoliopsida,Caryophyllales,Cactaceae,Opuntia,Opuntia bonaerensis,NA,,,No evaluada,NA,NA,NA
210,research,Opuntia elata,Plantae,Tracheophyta,Magnoliopsida,Caryophyllales,Cactaceae,Opuntia,Opuntia elata,Rara,,,No evaluada,nativa,LC,Stable
14,research,Opuntia ficus-indica,Plantae,Tracheophyta,Magnoliopsida,Caryophyllales,Cactaceae,Opuntia,Opuntia ficus-indica,NA,,,No evaluada,introducida,DD,Unknown
252,research,Opuntia megapotamica,Plantae,Tracheophyta,Magnoliopsida,Caryophyllales,Cactaceae,Opuntia,Opuntia megapotamica,Abundante,,,No evaluada,NA,LC,Stable
29,research,Opuntia monacantha,Plantae,Tracheophyta,Magnoliopsida,Caryophyllales,Cactaceae,Opuntia,Opuntia monacantha,NA,,,No evaluada,introducida,LC,Stable
68,research,Opuntia rioplatense,Plantae,Tracheophyta,Magnoliopsida,Caryophyllales,Cactaceae,Opuntia,Opuntia rioplatense,Rara,,,No evaluada,NA,NA,NA
320,research,Opuntia sulphurea,Plantae,Tracheophyta,Magnoliopsida,Caryophyllales,Cactaceae,Opuntia,Opuntia sulphurea,Rara,,,Prioritaria,nativa,LC,Stable
372,research,Pamphalea bupleurifolia,Plantae,Tracheophyta,Magnoliopsida,Asterales,Asteraceae,Pamphalea,Pamphalea bupleurifolia,Abundante,,,No evaluada,NA,NA,NA
81,research,Pamphalea heterophylla,Plantae,Tracheophyta,Magnoliopsida,Asterales,Asteraceae,Pamphalea,Pamphalea heterophylla,Abundante,,,No evaluada,NA,NA,NA
328,research,Panphalea heterophylla,Plantae,Tracheophyta,Magnoliopsida,Asterales,Asteraceae,Pamphalea,Panphalea heterophylla,Abundante,,,No evaluada,nativa,NA,NA
456,research,Parapiptadenia rigida,Plantae,Tracheophyta,Magnoliopsida,Fabales,Fabaceae,Parapiptadenia,Parapiptadenia rigida,Comun,,,No Prioritaria,nativa,LC,Stable
243,research,Parkinsonia aculeata,Plantae,Tracheophyta,Magnoliopsida,Fabales,Fabaceae,Parkinsonia,Parkinsonia aculeata,Comun,,,No Prioritaria,introducida,LC,Stable
229,research,Parodia concinna,Plantae,Tracheophyta,Magnoliopsida,Caryophyllales,Cactaceae,Parodia,Parodia concinna,Comun,,,No evaluada,nativa,VU,Decreasing
1,research,Parodia erinacea,Plantae,Tracheophyta,Magnoliopsida,Caryophyllales,Cactaceae,Parodia,Parodia erinacea,NA,,,No evaluada,nativa,LC,Decreasing
318,research,Parodia erubescens,Plantae,Tracheophyta,Magnoliopsida,Caryophyllales,Cactaceae,Parodia,Parodia erubescens,NA,,,No evaluada,NA,NA,NA
411,research,Parodia herteri,Plantae,Tracheophyta,Magnoliopsida,Caryophyllales,Cactaceae,Parodia,Parodia herteri,Rara,,,Prioritaria,nativa,CR,Decreasing
131,research,Parodia langsdorfii,Plantae,Tracheophyta,Magnoliopsida,Caryophyllales,Cactaceae,Parodia,Parodia langsdorfii,NA,,,Prioritaria,nativa,VU,Decreasing
37,research,Parodia mammulosa,Plantae,Tracheophyta,Magnoliopsida,Caryophyllales,Cactaceae,Parodia,Parodia mammulosa,Abundante,,,No evaluada,nativa,LC,Stable
311,research,Parodia mueller-melchersii,Plantae,Tracheophyta,Magnoliopsida,Caryophyllales,Cactaceae,Parodia,Parodia mueller-melchersii,Rara,,,Prioritaria,nativa,EN,Decreasing
261,research,Parodia neoarechavaletae,Plantae,Tracheophyta,Magnoliopsida,Caryophyllales,Cactaceae,Parodia,Parodia neoarechavaletae,NA,,,No evaluada,NA,VU,Decreasing
129,research,Parodia ottonis,Plantae,Tracheophyta,Magnoliopsida,Caryophyllales,Cactaceae,Parodia,Parodia ottonis,Abundante,,,No evaluada,nativa,VU,Decreasing
441,research,Parodia oxycostata,Plantae,Tracheophyta,Magnoliopsida,Caryophyllales,Cactaceae,Parodia,Parodia oxycostata,NA,,,No evaluada,NA,VU,Decreasing
242,research,Parodia scopa,Plantae,Tracheophyta,Magnoliopsida,Caryophyllales,Cactaceae,Parodia,Parodia scopa,Rara,,,No evaluada,nativa,VU,Decreasing
412,research,Parodia tenuicylindrica,Plantae,Tracheophyta,Magnoliopsida,Caryophyllales,Cactaceae,Parodia,Parodia tenuicylindrica,NA,,,Prioritaria,nativa,EN,Decreasing
28,research,Peltophorum dubium,Plantae,Tracheophyta,Magnoliopsida,Fabales,Fabaceae,Peltophorum,Peltophorum dubium,Rara,,,Prioritaria,nativa,LC,Stable
293,research,Perezia multiflora,Plantae,Tracheophyta,Magnoliopsida,Asterales,Asteraceae,Perezia,Perezia multiflora,NA,,,No evaluada,nativa,NA,NA
493,research,Perezia squarrosa,Plantae,Tracheophyta,Magnoliopsida,Asterales,Asteraceae,Perezia,Perezia squarrosa,Rara,,,Prioritaria,nativa,NA,NA
34,research,Petunia axillaris,Plantae,Tracheophyta,Magnoliopsida,Solanales,Solanaceae,Petunia,Petunia axillaris,Comun,,,No evaluada,nativa,NA,NA
144,research,Petunia integrifolia,Plantae,Tracheophyta,Magnoliopsida,Solanales,Solanaceae,Petunia,Petunia integrifolia,Rara,,,Prioritaria,nativa,NA,NA
185,research,Physalis angulata,Plantae,Tracheophyta,Magnoliopsida,Solanales,Solanaceae,Physalis,Physalis angulata,Rara,,,No evaluada,nativa,LC,Stable
280,research,Physalis peruviana,Plantae,Tracheophyta,Magnoliopsida,Solanales,Solanaceae,Physalis,Physalis peruviana,NA,,,No evaluada,NA,NA,NA
434,research,Physalis viscosa,Plantae,Tracheophyta,Magnoliopsida,Solanales,Solanaceae,Physalis,Physalis viscosa,Comun,,,No evaluada,nativa,NA,NA
78,research,Picrosia longifolia,Plantae,Tracheophyta,Magnoliopsida,Asterales,Asteraceae,Picrosia,Picrosia longifolia,Rara,,,No evaluada,nativa,NA,NA
20,research,Pluchea sagittalis,Plantae,Tracheophyta,Magnoliopsida,Asterales,Asteraceae,Pluchea,Pluchea sagittalis,Rara,,,No evaluada,nativa,NA,NA
335,research,Podocoma hirsuta,Plantae,Tracheophyta,Magnoliopsida,Asterales,Asteraceae,Podocoma,Podocoma hirsuta,Rara,,,No evaluada,nativa,NA,NA
184,research,Poecilanthe parviflora,Plantae,Tracheophyta,Magnoliopsida,Fabales,Fabaceae,Poecilanthe,Poecilanthe parviflora,Comun,,,No Prioritaria,nativa,DD,NA
417,research,Poiretia tetraphylla,Plantae,Tracheophyta,Magnoliopsida,Fabales,Fabaceae,Poiretia,Poiretia tetraphylla,Abundante,,,No evaluada,nativa,NA,NA
391,research,Pomaria pilosa,Plantae,Tracheophyta,Magnoliopsida,Fabales,Fabaceae,Pomaria,Pomaria pilosa,Rara,,,No evaluada,nativa,NA,NA
426,research,Pomaria rubicunda,Plantae,Tracheophyta,Magnoliopsida,Fabales,Fabaceae,Pomaria,Pomaria rubicunda,NA,,,Prioritaria,NA,NA,NA
193,research,Porophyllum linifolium,Plantae,Tracheophyta,Magnoliopsida,Asterales,Asteraceae,Porophyllum,Porophyllum linifolium,Comun,,,Prioritaria,nativa,NA,NA
197,research,Porophyllum ruderale,Plantae,Tracheophyta,Magnoliopsida,Asterales,Asteraceae,Porophyllum,Porophyllum ruderale,Rara,,,No evaluada,nativa,NA,NA
91,research,Prosopis affinis,Plantae,Tracheophyta,Magnoliopsida,Fabales,Fabaceae,Prosopis,Prosopis affinis,NA,,,Prioritaria,nativa,DD,NA
177,research,Prosopis nigra,Plantae,Tracheophyta,Magnoliopsida,Fabales,Fabaceae,Prosopis,Prosopis nigra,NA,,,Prioritaria,nativa,DD,NA
150,research,Pseudognaphalium cheiranthifolium,Plantae,Tracheophyta,Magnoliopsida,Asterales,Asteraceae,Pseudognaphalium,Pseudognaphalium cheiranthifolium,Comun,,,No evaluada,nativa,NA,NA
182,research,Pseudognaphalium gaudichaudianum,Plantae,Tracheophyta,Magnoliopsida,Asterales,Asteraceae,Pseudognaphalium,Pseudognaphalium gaudichaudianum,Abundante,,,No evaluada,nativa,NA,NA
123,research,Pseudogynoxys chenopodioides,Plantae,Tracheophyta,Magnoliopsida,Asterales,Asteraceae,Pseudogynoxys,Pseudogynoxys chenopodioides,NA,,,No evaluada,NA,NA,NA
396,research,Psoralea pinnata,Plantae,Tracheophyta,Magnoliopsida,Fabales,Fabaceae,Psoralea,Psoralea pinnata,Rara,,,No evaluada,NA,NA,NA
250,research,Pterocaulon angustifolium,Plantae,Tracheophyta,Magnoliopsida,Asterales,Asteraceae,Pterocaulon,Pterocaulon angustifolium,Rara,,,No evaluada,nativa,NA,NA
181,research,Pterocaulon balansae,Plantae,Tracheophyta,Magnoliopsida,Asterales,Asteraceae,Pterocaulon,Pterocaulon balansae,Comun,,,No evaluada,nativa,NA,NA
342,research,Pterocaulon cordobense,Plantae,Tracheophyta,Magnoliopsida,Asterales,Asteraceae,Pterocaulon,Pterocaulon cordobense,Rara,,,No evaluada,nativa,NA,NA
220,research,Pterocaulon lorentzii,Plantae,Tracheophyta,Magnoliopsida,Asterales,Asteraceae,Pterocaulon,Pterocaulon lorentzii,Comun,,,No evaluada,nativa,NA,NA
431,research,Pterocaulon polypterum,Plantae,Tracheophyta,Magnoliopsida,Asterales,Asteraceae,Pterocaulon,Pterocaulon polypterum,Rara,,,No evaluada,NA,NA,NA
15,research,Pterocaulon polystachyum,Plantae,Tracheophyta,Magnoliopsida,Asterales,Asteraceae,Pterocaulon,Pterocaulon polystachyum,Rara,,,No evaluada,nativa,NA,NA
237,research,Pterocaulon virgatum,Plantae,Tracheophyta,Magnoliopsida,Asterales,Asteraceae,Pterocaulon,Pterocaulon virgatum,Rara,,,No evaluada,nativa,NA,NA
494,research,Radlkoferotoma berroi,Plantae,Tracheophyta,Magnoliopsida,Asterales,Asteraceae,Radlkoferotoma,Radlkoferotoma berroi,Rara,,,Prioritaria,nativa,NA,NA
312,research,Radlkoferotoma cistifolium,Plantae,Tracheophyta,Magnoliopsida,Asterales,Asteraceae,Radlkoferotoma,Radlkoferotoma cistifolium,Rara,,,Prioritaria,nativa,NA,NA
474,research,Raulinoreitzia tremula,Plantae,Tracheophyta,Magnoliopsida,Asterales,Asteraceae,Raulinoreitzia,Raulinoreitzia tremula,Rara,,,No Prioritaria,nativa,NA,NA
450,research,Rhipsalis cereuscula,Plantae,Tracheophyta,Magnoliopsida,Caryophyllales,Cactaceae,Rhipsalis,Rhipsalis cereuscula,Rara,,,Prioritaria,NA,LC,Decreasing
478,research,Rhynchosia corylifolia,Plantae,Tracheophyta,Magnoliopsida,Fabales,Fabaceae,Rhynchosia,Rhynchosia corylifolia,Comun,,,No evaluada,nativa,NA,NA
203,research,Rhynchosia lineata,Plantae,Tracheophyta,Magnoliopsida,Fabales,Fabaceae,Rhynchosia,Rhynchosia lineata,Comun,,,No evaluada,NA,NA,NA
445,research,Rhynchosia senna,Plantae,Tracheophyta,Magnoliopsida,Fabales,Fabaceae,Rhynchosia,Rhynchosia senna,Abundante,,,No evaluada,nativa,LC,Stable
487,research,Robinia pseudoacacia,Plantae,Tracheophyta,Magnoliopsida,Fabales,Fabaceae,Robinia,Robinia pseudoacacia,Rara,,,No evaluada,NA,LC,Increasing
179,research,Salpichroa origanifolia,Plantae,Tracheophyta,Magnoliopsida,Solanales,Solanaceae,Salpichroa,Salpichroa origanifolia,Rara,,,No evaluada,nativa,NA,NA
470,research,Santolina chamaecyparissus,Plantae,Tracheophyta,Magnoliopsida,Asterales,Asteraceae,Santolina,Santolina chamaecyparissus,NA,,,No evaluada,NA,NA,NA
32,research,Schlechtendalia luzulifolia,Plantae,Tracheophyta,Magnoliopsida,Asterales,Asteraceae,Schlechtendalia,Schlechtendalia luzulifolia,Rara,,,Prioritaria,nativa,NA,NA
346,research,Sclerophylax lorentzianus,Plantae,Tracheophyta,Magnoliopsida,Solanales,Solanaceae,Sclerophylax,Sclerophylax lorentzianus,Rara,,,Prioritaria,nativa,NA,NA
491,research,Selenicereus undatus,Plantae,Tracheophyta,Magnoliopsida,Caryophyllales,Cactaceae,Selenicereus,Selenicereus undatus,NA,,,No evaluada,NA,NA,NA
388,research,Senecio angulatus,Plantae,Tracheophyta,Magnoliopsida,Asterales,Asteraceae,Senecio,Senecio angulatus,NA,,,No evaluada,NA,NA,NA
97,research,Senecio bonariensis,Plantae,Tracheophyta,Magnoliopsida,Asterales,Asteraceae,Senecio,Senecio bonariensis,Comun,,,No evaluada,nativa,NA,NA
40,research,Senecio brasiliensis,Plantae,Tracheophyta,Magnoliopsida,Asterales,Asteraceae,Senecio,Senecio brasiliensis,Comun,,,No evaluada,nativa,NA,NA
360,research,Senecio ceratophylloides,Plantae,Tracheophyta,Magnoliopsida,Asterales,Asteraceae,Senecio,Senecio ceratophylloides,Rara,,,No evaluada,nativa,NA,NA
79,research,Senecio crassiflorus,Plantae,Tracheophyta,Magnoliopsida,Asterales,Asteraceae,Senecio,Senecio crassiflorus,Comun,,,No evaluada,nativa,NA,NA
383,research,Senecio heterotrichius,Plantae,Tracheophyta,Magnoliopsida,Asterales,Asteraceae,Senecio,Senecio heterotrichius,Comun,,,No evaluada,nativa,NA,NA
25,research,Senecio madagascariensis,Plantae,Tracheophyta,Magnoliopsida,Asterales,Asteraceae,Senecio,Senecio madagascariensis,Rara,,,No evaluada,introducida,NA,NA
281,research,Senecio ostenii,Plantae,Tracheophyta,Magnoliopsida,Asterales,Asteraceae,Senecio,Senecio ostenii,Rara,,,Prioritaria,nativa,NA,NA
292,research,Senecio pinnatus,Plantae,Tracheophyta,Magnoliopsida,Asterales,Asteraceae,Senecio,Senecio pinnatus,Rara,,,No evaluada,nativa,NA,NA
9,research,Senecio platensis,Plantae,Tracheophyta,Magnoliopsida,Asterales,Asteraceae,Senecio,Senecio platensis,Rara,,,No evaluada,nativa,NA,NA
98,research,Senecio pterophorus,Plantae,Tracheophyta,Magnoliopsida,Asterales,Asteraceae,Senecio,Senecio pterophorus,Rara,,,No evaluada,nativa,NA,NA
171,research,Senecio pulcher,Plantae,Tracheophyta,Magnoliopsida,Asterales,Asteraceae,Senecio,Senecio pulcher,Rara,,,No evaluada,nativa,NA,NA
141,research,Senecio selloi,Plantae,Tracheophyta,Magnoliopsida,Asterales,Asteraceae,Senecio,Senecio selloi,Common,,,No evaluada,nativa,NA,NA
479,research,Senecio tamoides,Plantae,Tracheophyta,Magnoliopsida,Asterales,Asteraceae,Senecio,Senecio tamoides,NA,,,No evaluada,NA,NA,NA
301,research,Senecio tweediei,Plantae,Tracheophyta,Magnoliopsida,Asterales,Asteraceae,Senecio,Senecio tweediei,Rara,,,No evaluada,NA,NA,NA
313,research,Senecio viravira,Plantae,Tracheophyta,Magnoliopsida,Asterales,Asteraceae,Senecio,Senecio viravira,Rara,,,No evaluada,NA,NA,NA
282,research,Senecio vulgaris,Plantae,Tracheophyta,Magnoliopsida,Asterales,Asteraceae,Senecio,Senecio vulgaris,Rara,,,No evaluada,NA,NA,NA
249,research,Senegalia bonariensis,Plantae,Tracheophyta,Magnoliopsida,Fabales,Fabaceae,Senegalia,Senegalia bonariensis,Abundante,,,No evaluada,nativa,NA,NA
483,research,Senegalia picachensis,Plantae,Tracheophyta,Magnoliopsida,Fabales,Fabaceae,Senegalia,Senegalia picachensis,NA,,,No evaluada,NA,NA,NA
38,research,Senna corymbosa,Plantae,Tracheophyta,Magnoliopsida,Fabales,Fabaceae,Senna,Senna corymbosa,Abundante,,,No Prioritaria,nativa,LC,Stable
399,research,Senna nana,Plantae,Tracheophyta,Magnoliopsida,Fabales,Fabaceae,Senna,Senna nana,Comun,,,No evaluada,NA,NA,NA
353,research,Senna scabriuscula,Plantae,Tracheophyta,Magnoliopsida,Fabales,Fabaceae,Senna,Senna scabriuscula,Comun,,,No evaluada,NA,NA,NA
116,research,Sesbania punicea,Plantae,Tracheophyta,Magnoliopsida,Fabales,Fabaceae,Sesbania,Sesbania punicea,Abundante,,,No Prioritaria,nativa,LC,Stable
22,research,Sesbania virgata,Plantae,Tracheophyta,Magnoliopsida,Fabales,Fabaceae,Sesbania,Sesbania virgata,Abundante,,,No Prioritaria,nativa,LC,Stable
362,research,Silybum marianum,Plantae,Tracheophyta,Magnoliopsida,Asterales,Asteraceae,Silybum,Silybum marianum,Rara,,,No evaluada,NA,LC,Stable
113,research,Smallanthus connatus,Plantae,Tracheophyta,Magnoliopsida,Asterales,Asteraceae,Smallanthus,Smallanthus connatus,Comun,,,No evaluada,nativa,NA,NA
339,research,Solanum aethiopicum,Plantae,Tracheophyta,Magnoliopsida,Solanales,Solanaceae,Solanum,Solanum aethiopicum,NA,,,No evaluada,NA,NA,NA
392,research,Solanum americanum,Plantae,Tracheophyta,Magnoliopsida,Solanales,Solanaceae,Solanum,Solanum americanum,Rara,,,No evaluada,nativa,NA,NA
359,research,Solanum amygdalifolium,Plantae,Tracheophyta,Magnoliopsida,Solanales,Solanaceae,Solanum,Solanum amygdalifolium,Rara,,,No evaluada,nativa,NA,NA
163,research,Solanum atropurpureum,Plantae,Tracheophyta,Magnoliopsida,Solanales,Solanaceae,Solanum,Solanum atropurpureum,Rara,,,No evaluada,nativa,NA,NA
465,research,Solanum betaceum,Plantae,Tracheophyta,Magnoliopsida,Solanales,Solanaceae,Solanum,Solanum betaceum,NA,,,No evaluada,NA,DD,NA
76,research,Solanum bonariense,Plantae,Tracheophyta,Magnoliopsida,Solanales,Solanaceae,Solanum,Solanum bonariense,Rara,,,No Prioritaria,nativa,NA,NA
146,research,Solanum chenopodioides,Plantae,Tracheophyta,Magnoliopsida,Solanales,Solanaceae,Solanum,Solanum chenopodioides,Rara,,,No evaluada,nativa,NA,NA
264,research,Solanum commersonii,Plantae,Tracheophyta,Magnoliopsida,Solanales,Solanaceae,Solanum,Solanum commersonii,Abundante,,,No evaluada,nativa,NA,NA
165,research,Solanum glaucophyllum,Plantae,Tracheophyta,Magnoliopsida,Solanales,Solanaceae,Solanum,Solanum glaucophyllum,Comun,,,No Prioritaria,nativa,NA,NA
152,research,Solanum granulosoleprosum,Plantae,Tracheophyta,Magnoliopsida,Solanales,Solanaceae,Solanum,Solanum granulosoleprosum,Rara,,,No Prioritaria,nativa,LC,Stable
33,research,Solanum laxum,Plantae,Tracheophyta,Magnoliopsida,Solanales,Solanaceae,Solanum,Solanum laxum,Comun,,,No evaluada,nativa,NA,NA
206,research,Solanum lycopersicum,Plantae,Tracheophyta,Magnoliopsida,Solanales,Solanaceae,Solanum,Solanum lycopersicum,NA,,,No evaluada,introducida,NA,NA
476,research,Solanum malmeanum,Plantae,Tracheophyta,Magnoliopsida,Solanales,Solanaceae,Solanum,Solanum malmeanum,Rara,,,Prioritaria,nativa,LC,Stable
63,research,Solanum mauritianum,Plantae,Tracheophyta,Magnoliopsida,Solanales,Solanaceae,Solanum,Solanum mauritianum,Common,,,No Prioritaria,nativa,NA,NA
111,research,Solanum nigrum,Plantae,Tracheophyta,Magnoliopsida,Solanales,Solanaceae,Solanum,Solanum nigrum,NA,,,No evaluada,introducida,NA,NA
329,research,Solanum platense,Plantae,Tracheophyta,Magnoliopsida,Solanales,Solanaceae,Solanum,Solanum platense,Rara,,,Prioritaria,nativa,NA,NA
115,research,Solanum pseudocapsicum,Plantae,Tracheophyta,Magnoliopsida,Solanales,Solanaceae,Solanum,Solanum pseudocapsicum,Comun,,,No evaluada,nativa,NA,NA
316,research,Solanum reineckii,Plantae,Tracheophyta,Magnoliopsida,Solanales,Solanaceae,Solanum,Solanum reineckii,NA,,,No evaluada,NA,NA,NA
39,research,Solanum sisymbriifolium,Plantae,Tracheophyta,Magnoliopsida,Solanales,Solanaceae,Solanum,Solanum sisymbriifolium,Rara,,,No evaluada,nativa,NA,NA
267,research,Solanum tuberosum,Plantae,Tracheophyta,Magnoliopsida,Solanales,Solanaceae,Solanum,Solanum tuberosum,NA,,,No evaluada,NA,NA,NA
19,research,Solanum viarum,Plantae,Tracheophyta,Magnoliopsida,Solanales,Solanaceae,Solanum,Solanum viarum,Rara,,,No evaluada,nativa,LC,Increasing
57,research,Solidago chilensis,Plantae,Tracheophyta,Magnoliopsida,Asterales,Asteraceae,Solidago,Solidago chilensis,Rara,,,No evaluada,nativa,NA,NA
128,research,Soliva sessilis,Plantae,Tracheophyta,Magnoliopsida,Asterales,Asteraceae,Soliva,Soliva sessilis,Rara,,,No evaluada,nativa,NA,NA
170,research,Sommerfeltia cabrerae,Plantae,Tracheophyta,Magnoliopsida,Asterales,Asteraceae,Sommerfeltia,Sommerfeltia cabrerae,Rara,,,Prioritaria,nativa,NA,NA
236,research,Sommerfeltia spinulosa,Plantae,Tracheophyta,Magnoliopsida,Asterales,Asteraceae,Sommerfeltia,Sommerfeltia spinulosa,Rara,,,Prioritaria,nativa,NA,NA
136,research,Sonchus asper,Plantae,Tracheophyta,Magnoliopsida,Asterales,Asteraceae,Sonchus,Sonchus asper,Rara,,,No evaluada,introducida,NA,NA
99,research,Sonchus oleraceus,Plantae,Tracheophyta,Magnoliopsida,Asterales,Asteraceae,Sonchus,Sonchus oleraceus,Comun,,,No evaluada,introducida,NA,NA
31,research,Spartium junceum,Plantae,Tracheophyta,Magnoliopsida,Fabales,Fabaceae,Spartium,Spartium junceum,Rara,,,No evaluada,introducida,NA,NA
449,research,Stenachaenium macrocephalum,Plantae,Tracheophyta,Magnoliopsida,Asterales,Asteraceae,Stenachaenium,Stenachaenium macrocephalum,NA,,,No evaluada,NA,NA,NA
386,research,Stenachaenium megapotamicum,Plantae,Tracheophyta,Magnoliopsida,Asterales,Asteraceae,Stenachaenium,Stenachaenium megapotamicum,Abundante,,,No evaluada,nativa,NA,NA
385,research,Stenachaenium riedelii,Plantae,Tracheophyta,Magnoliopsida,Asterales,Asteraceae,Stenachaenium,Stenachaenium riedelii,Rara,,,No evaluada,nativa,NA,NA
201,research,Stenocephalum megapotamicum,Plantae,Tracheophyta,Magnoliopsida,Asterales,Asteraceae,Stenocephalum,Stenocephalum megapotamicum,Comun,,,No evaluada,nativa,NA,NA
348,research,Stevia aristata,Plantae,Tracheophyta,Magnoliopsida,Asterales,Asteraceae,Stevia,Stevia aristata,Rara,,,No evaluada,nativa,NA,NA
461,research,Stevia cinerascens,Plantae,Tracheophyta,Magnoliopsida,Asterales,Asteraceae,Stevia,Stevia cinerascens,Rara,,,No evaluada,NA,NA,NA
482,research,Stevia entreriensis,Plantae,Tracheophyta,Magnoliopsida,Asterales,Asteraceae,Stevia,Stevia entreriensis,Rara,,,No evaluada,NA,NA,NA
351,research,Stevia multiaristata,Plantae,Tracheophyta,Magnoliopsida,Asterales,Asteraceae,Stevia,Stevia multiaristata,Comun,,,No evaluada,nativa,NA,NA
16,research,Stevia satureiifolia,Plantae,Tracheophyta,Magnoliopsida,Asterales,Asteraceae,Stevia,Stevia satureiifolia,Comun,,,No evaluada,NA,NA,NA
344,research,Stylosanthes leiocarpa,Plantae,Tracheophyta,Magnoliopsida,Fabales,Fabaceae,Stylosanthes,Stylosanthes leiocarpa,Comun,,,No evaluada,nativa,NA,NA
358,research,Stylosanthes montevidensis,Plantae,Tracheophyta,Magnoliopsida,Fabales,Fabaceae,Stylosanthes,Stylosanthes montevidensis,Abundante,,,No evaluada,nativa,NA,NA
266,research,Symphyotrichum subulatum,Plantae,Tracheophyta,Magnoliopsida,Asterales,Asteraceae,Symphyotrichum,Symphyotrichum subulatum,Rara,,,No evaluada,NA,NA,NA
255,research,Tagetes minuta,Plantae,Tracheophyta,Magnoliopsida,Asterales,Asteraceae,Tagetes,Tagetes minuta,Rara,,,No evaluada,nativa,NA,NA
455,research,Tanacetum vulgare,Plantae,Tracheophyta,Magnoliopsida,Asterales,Asteraceae,Tanacetum,Tanacetum vulgare,Rara,,,No evaluada,NA,NA,NA
369,research,Taraxacum erythrospermum,Plantae,Tracheophyta,Magnoliopsida,Asterales,Asteraceae,Taraxacum,Taraxacum erythrospermum,NA,,,No evaluada,NA,NA,NA
86,research,Taraxacum officinale,Plantae,Tracheophyta,Magnoliopsida,Asterales,Asteraceae,Taraxacum,Taraxacum officinale,Rara,,,No evaluada,introducida,NA,NA
355,research,Tephrosia cinerea,Plantae,Tracheophyta,Magnoliopsida,Fabales,Fabaceae,Tephrosia,Tephrosia cinerea,Comun,,,No evaluada,nativa,NA,NA
6,research,Tessaria absinthioides,Plantae,Tracheophyta,Magnoliopsida,Asterales,Asteraceae,Tessaria,Tessaria absinthioides,Rara,,,No evaluada,nativa,NA,NA
188,research,Thelesperma megapotamicum,Plantae,Tracheophyta,Magnoliopsida,Asterales,Asteraceae,Thelesperma,Thelesperma megapotamicum,NA,,,No evaluada,nativa,NA,NA
186,research,Tipuana tipu,Plantae,Tracheophyta,Magnoliopsida,Fabales,Fabaceae,Tipuana,Tipuana tipu,Rara,,,No evaluada,nativa,LC,Stable
394,research,Tragopogon porrifolius,Plantae,Tracheophyta,Magnoliopsida,Asterales,Asteraceae,Tragopogon,Tragopogon porrifolius,NA,,,No evaluada,NA,NA,NA
161,research,Trichocline cisplatina,Plantae,Tracheophyta,Magnoliopsida,Asterales,Asteraceae,Trichocline,Trichocline cisplatina,Rara,,,No evaluada,NA,NA,NA
117,research,Trichocline humilis,Plantae,Tracheophyta,Magnoliopsida,Asterales,Asteraceae,Trichocline,Trichocline humilis,Rara,,,No evaluada,nativa,NA,NA
190,research,Trichocline incana,Plantae,Tracheophyta,Magnoliopsida,Asterales,Asteraceae,Trichocline,Trichocline incana,Comun,,,No evaluada,nativa,NA,NA
416,research,Trichocline minuana,Plantae,Tracheophyta,Magnoliopsida,Asterales,Asteraceae,Trichocline,Trichocline minuana,Rara,,,No evaluada,NA,NA,NA
154,research,Trifolium campestre,Plantae,Tracheophyta,Magnoliopsida,Fabales,Fabaceae,Trifolium,Trifolium campestre,Rara,,,No evaluada,NA,NA,NA
43,research,Trifolium polymorphum,Plantae,Tracheophyta,Magnoliopsida,Fabales,Fabaceae,Trifolium,Trifolium polymorphum,Abundante,,,No evaluada,nativa,NA,NA
44,research,Trifolium pratense,Plantae,Tracheophyta,Magnoliopsida,Fabales,Fabaceae,Trifolium,Trifolium pratense,Rara,,,No evaluada,introducida,LC,Stable
126,research,Trifolium repens,Plantae,Tracheophyta,Magnoliopsida,Fabales,Fabaceae,Trifolium,Trifolium repens,Rara,,,No evaluada,introducida,NA,NA
349,research,Trixis nobilis,Plantae,Tracheophyta,Magnoliopsida,Asterales,Asteraceae,Trixis,Trixis nobilis,Abundante,,,No evaluada,nativa,NA,NA
84,research,Trixis praestans,Plantae,Tracheophyta,Magnoliopsida,Asterales,Asteraceae,Trixis,Trixis praestans,Comun,,,No Prioritaria,nativa,NA,NA
251,research,Ulex europaeus,Plantae,Tracheophyta,Magnoliopsida,Fabales,Fabaceae,Ulex,Ulex europaeus,Rara,,,No evaluada,introducida,LC,Stable
112,research,Urolepis hecatantha,Plantae,Tracheophyta,Magnoliopsida,Asterales,Asteraceae,Urolepis,Urolepis hecatantha,Comun,,,No evaluada,nativa,NA,NA
155,research,Urospermum picroides,Plantae,Tracheophyta,Magnoliopsida,Asterales,Asteraceae,Urospermum,Urospermum picroides,Rara,,,No evaluada,introducida,NA,NA
35,research,Vachellia caven,Plantae,Tracheophyta,Magnoliopsida,Fabales,Fabaceae,Vachellia,Vachellia caven,Abundante,,,No Prioritaria,nativa,LC,Stable
276,research,Vachellia farnesiana,Plantae,Tracheophyta,Magnoliopsida,Fabales,Fabaceae,Vachellia,Vachellia farnesiana,Rara,,,No evaluada,NA,LC,Stable
61,research,Vachellia karroo,Plantae,Tracheophyta,Magnoliopsida,Fabales,Fabaceae,Vachellia,Vachellia karroo,NA,,,No evaluada,NA,LC,Stable
64,research,Verbesina subcordata,Plantae,Tracheophyta,Magnoliopsida,Asterales,Asteraceae,Verbesina,Verbesina subcordata,Abundante,,,No Prioritaria,nativa,NA,NA
74,research,Vernonanthura montevidensis,Plantae,Tracheophyta,Magnoliopsida,Asterales,Asteraceae,Vernonanthura,Vernonanthura montevidensis,Comun,,,No Prioritaria,nativa,NA,NA
110,research,Vernonanthura nudiflora,Plantae,Tracheophyta,Magnoliopsida,Asterales,Asteraceae,Vernonanthura,Vernonanthura nudiflora,Comun,,,No evaluada,nativa,NA,NA
82,research,Vicia benghalensis,Plantae,Tracheophyta,Magnoliopsida,Fabales,Fabaceae,Vicia,Vicia benghalensis,Comun,,,No evaluada,introducida,NA,NA
36,research,Vicia faba,Plantae,Tracheophyta,Magnoliopsida,Fabales,Fabaceae,Vicia,Vicia faba,Rara,,,No evaluada,NA,NA,NA
306,research,Vicia sativa,Plantae,Tracheophyta,Magnoliopsida,Fabales,Fabaceae,Vicia,Vicia sativa,Rara,,,No evaluada,introducida,LC,Stable
187,research,Vigna longifolia,Plantae,Tracheophyta,Magnoliopsida,Fabales,Fabaceae,Vigna,Vigna longifolia,Comun,,,No evaluada,nativa,LC,Stable
225,research,Vigna luteola,Plantae,Tracheophyta,Magnoliopsida,Fabales,Fabaceae,Vigna,Vigna luteola,Comun,,,No evaluada,nativa,LC,Stable
257,research,Wisteria sinensis,Plantae,Tracheophyta,Magnoliopsida,Fabales,Fabaceae,Wisteria,Wisteria sinensis,NA,,,No evaluada,NA,NA,NA
178,research,Xanthium cavanillesii,Plantae,Tracheophyta,Magnoliopsida,Asterales,Asteraceae,Xanthium,Xanthium cavanillesii,NA,,,No evaluada,NA,NA,NA
253,research,Xanthium spinosum,Plantae,Tracheophyta,Magnoliopsida,Asterales,Asteraceae,Xanthium,Xanthium spinosum,Comun,,,No evaluada,introducida,NA,NA
134,research,Xanthium strumarium,Plantae,Tracheophyta,Magnoliopsida,Asterales,Asteraceae,Xanthium,Xanthium strumarium,Comun,,,No evaluada,introducida,NA,NA
127,research,Youngia japonica,Plantae,Tracheophyta,Magnoliopsida,Asterales,Asteraceae,Youngia,Youngia japonica,NA,,,No evaluada,introducida,NA,NA
226,research,Zinnia elegans,Plantae,Tracheophyta,Magnoliopsida,Asterales,Asteraceae,Zinnia,Zinnia elegans,NA,,,No evaluada,introducida,NA,NA
