"","id","observado","usuario","nivel","ranking","latitude","longitude","departamento","clase","familia","especie","distribucion","distribucion_2","Habito1","Habito2","status_global"
"2",87237,"2011-01-12","guille","visitante",42,-34.2837307771,-53.9024555683,"Rocha","Magnoliopsida","Cactaceae","Parodia erinacea","0","NE","Hierba","Perenne","LC"
"3",1098457,"2013-03-02","nicoolejnik","visitante",108,-34.065552,-57.356071,"Colonia","Magnoliopsida","Cactaceae","Parodia erinacea","0","NE","Hierba","Perenne","LC"
"17",8841998,"2017-11-17","ljbrown","visitante",54,-33.95467,-56.2494783333,"Florida","Magnoliopsida","Asteraceae","Matricaria chamomilla","4","Alta","Hierba","Anual","NE"
"18",8916718,"2017-11-18","jujo","visitante",131,-34.7088270512,-55.2554157749,"Maldonado","Magnoliopsida","Asteraceae","Campovassouria cruciata","6","Alta","Arbusto","Perenne","NE"
"19",8919161,"2017-11-19","ljbrown","visitante",54,-34.43388,-56.0078388833,"Canelones","Magnoliopsida","Asteraceae","Anthemis cotula","9","Alta","Hierba","Anual",""
"20",8919227,"2017-11-19","ljbrown","visitante",54,-34.4342833333,-56.00831945,"Canelones","Magnoliopsida","Cactaceae","Opuntia ficus-indica","0","NE","Arbusto","Perenne","DD"
"28",10482107,"2014-05-27","el-markos","visitante",183,-32.3492077932,-55.4719993699,"Tacuarembó","Magnoliopsida","Solanaceae","Solanum viarum","4","Alta","Arbusto","Perenne","LC"
"30",11692083,"2018-04-28","gonzalomios","visitante",152,-34.42018664,-55.35119536,"Lavalleja","Magnoliopsida","Cactaceae","Frailea pygmaea","6","Alta","Hierba","Perenne","LC"
"32",13050586,"2017-01-06","liuid","visitante",7,-31.6193900448,-56.0471954517,"Tacuarembó","Magnoliopsida","Fabaceae","Erythrina crista-galli","10","Baja","Arbol","Perenne","LC"
"38",13060097,"2017-01-08","liuid","visitante",7,-32.6150018434,-55.8323291316,"Tacuarembó","Magnoliopsida","Fabaceae","Peltophorum dubium","4","Alta","Arbol","Perenne","LC"
"39",13091944,"2017-01-10","liuid","visitante",7,-34.4403822246,-57.8716072408,"Colonia","Magnoliopsida","Fabaceae","Erythrina crista-galli","10","Baja","Arbol","Perenne","LC"
"40",13091945,"2017-01-10","liuid","visitante",7,-34.4709235234,-57.8532808971,"Colonia","Magnoliopsida","Cactaceae","Opuntia monacantha","0","NE","Arbusto","Perenne","LC"
"41",13098427,"2017-01-12","liuid","visitante",7,-34.8780506474,-55.2737672405,"Maldonado","Magnoliopsida","Cactaceae","Opuntia arechavaletae","2","Alta","Arbusto","Perenne","LC"
"42",13101087,"2017-01-12","liuid","visitante",7,-34.9069983461,-55.0441524573,"Maldonado","Magnoliopsida","Fabaceae","Spartium junceum","3","Alta","Arbusto","Perenne","NE"
"43",13101089,"2017-01-12","liuid","visitante",7,-34.9091104356,-55.0451625958,"Maldonado","Magnoliopsida","Asteraceae","Schlechtendalia luzulifolia","5","Alta","Hierba","Perenne","NE"
"45",13783387,"2018-06-23","agustin_fresco","visitante",295,-34.8858540053,-56.1986404533,"Montevideo","Magnoliopsida","Asteraceae","Senecio madagascariensis","5","Alta","Hierba","Perenne","NE"
"46",15379589,"2013-10-12","carancho","visitante",11,-34.2897808,-57.2892272,"Colonia","Magnoliopsida","Solanaceae","Solanum laxum","10","Baja","Hierba","Perenne","NE"
"47",15379607,"2013-10-12","carancho","visitante",11,-34.2897808,-57.2892272,"Colonia","Magnoliopsida","Cactaceae","Parodia erinacea","0","NE","Hierba","Perenne","LC"
"48",15379621,"2013-10-12","carancho","visitante",11,-34.3575706391,-57.2413491671,"Colonia","Magnoliopsida","Solanaceae","Petunia axillaris","9","Alta","Hierba","Anual","NE"
"50",15379773,"2013-10-14","carancho","visitante",11,-34.3796041235,-57.2553873199,"Colonia","Magnoliopsida","Fabaceae","Vachellia caven","14","Baja","Arbusto","Perenne","LC"
"54",17784097,"2014-09-01","mbernini","visitante",274,-31.2238098887,-57.8540874704,"Salto","Magnoliopsida","Solanaceae","Solanum sisymbriifolium","2","Alta","Hierba","Perenne","NE"
"55",17784098,"2014-09-01","mbernini","visitante",274,-31.2238098887,-57.8540874704,"Salto","Magnoliopsida","Fabaceae","Vachellia caven","14","Baja","Arbusto","Perenne","LC"
"56",18116429,"2012-11-20","lsimuns","visitante",442,-34.4550013053,-57.8455140444,"Colonia","Magnoliopsida","Fabaceae","Erythrina crista-galli","10","Baja","Arbol","Perenne","LC"
"57",18258482,"2015-02-10","jbar82","visitante",69,-34.7441436159,-54.5287012032,"Rocha","Magnoliopsida","Asteraceae","Pluchea sagittalis","3","Alta","Hierba","Perenne","NE"
"65",18652064,"2018-11-26","yvesbas","visitante",218,-31.5395785663,-55.5513750762,"Rivera","Magnoliopsida","Cactaceae","Parodia erinacea","0","NE","Hierba","Perenne","LC"
"80",19954770,"2019-01-28","phviny","visitante",12,-34.3988437083,-53.7870753531,"Rocha","Magnoliopsida","Asteraceae","Erigeron blakei","13","Baja","Hierba","Anual","NE"
"81",19975593,"2019-01-30","anaineszanfabrobulfo","visitante",172,-34.8043383333,-55.9451166667,"Canelones","Magnoliopsida","Fabaceae","Erythrina crista-galli","10","Baja","Arbol","Perenne","LC"
"82",19975607,"2019-01-30","anaineszanfabrobulfo","visitante",172,-34.8043365479,-55.9451179504,"Canelones","Magnoliopsida","Fabaceae","Erythrina crista-galli","10","Baja","Arbol","Perenne","LC"
"83",20040212,"2019-02-02","phviny","visitante",12,-34.8586810885,-55.276038765,"Maldonado","Magnoliopsida","Fabaceae","Mimosa australis","4","Alta","Arbusto","Perenne","NE"
"84",20040229,"2019-02-02","phviny","visitante",12,-34.8132037459,-55.2570756379,"Maldonado","Magnoliopsida","Asteraceae","Grazielia serrata","6","Alta","Arbusto","Perenne","NE"
"229",23923268,"2019-04-29","vegapaez","visitante",26,-34.7906083333,-56.2765616667,"Montevideo","Magnoliopsida","Fabaceae","Calliandra tweediei","13","Baja","Arbusto","Perenne","LC"
"230",24286550,"2019-04-30","vegapaez","visitante",26,-34.6908716667,-56.051375,"Canelones","Magnoliopsida","Fabaceae","Trifolium repens","4","Alta","Hierba","Perenne","NE"
"231",24315355,"2019-04-30","vegapaez","visitante",26,-34.6914633333,-56.050625,"Canelones","Magnoliopsida","Fabaceae","Trifolium repens","4","Alta","Hierba","Perenne","NE"
"232",24360441,"2019-04-30","vegapaez","visitante",26,-34.6927083333,-56.0502361667,"Canelones","Magnoliopsida","Fabaceae","Calliandra tweediei","13","Baja","Arbusto","Perenne","LC"
"233",24360495,"2019-04-30","vegapaez","visitante",26,-34.57007,-54.628355,"Maldonado","Magnoliopsida","Asteraceae","Hypochaeris radicata","7","Alta","Hierba","Perenne","NE"
"238",28819271,"2019-01-05","luca284","visitante",443,-34.8984675234,-56.1604081839,"Montevideo","Magnoliopsida","Fabaceae","Enterolobium contortisiliquum","5","Alta","Arbol","Perenne","LC"
"245",30386142,"2019-08-06","sebastianlescano","visitante",25,-34.7586230954,-54.5462485741,"Rocha","Magnoliopsida","Cactaceae","Opuntia arechavaletae","2","Alta","Arbusto","Perenne","LC"
"246",30386278,"2019-08-06","sebastianlescano","visitante",25,-34.6027916575,-54.5480105289,"Rocha","Magnoliopsida","Cactaceae","Parodia langsdorfii","0","NE","NE","NE","VU"
"247",30448358,"2019-08-07","sebastianlescano","visitante",25,-34.914706156,-55.0469458674,"Maldonado","Magnoliopsida","Cactaceae","Opuntia aurantiaca","1","Baja","Subarbusto","Perenne","LC"
"321",35576921,"2019-11-11","diegoalmendras","visitante",16,-34.7553340661,-55.7041604072,"Canelones","Magnoliopsida","Fabaceae","Trifolium campestre","4","Alta","Hierba","Anual","NE"
"322",35632833,"2019-11-11","diegoalmendras","visitante",16,-34.7579230817,-55.704962723,"Canelones","Magnoliopsida","Asteraceae","Senecio madagascariensis","5","Alta","Hierba","Perenne","NE"
"325",35802517,"2019-11-09","diegoalmendras","visitante",16,-34.7656155516,-55.7175278664,"Canelones","Magnoliopsida","Fabaceae","Adesmia securigerifolia","9","Alta","Hierba","Anual","NE"
"326",35802522,"2019-11-09","diegoalmendras","visitante",16,-34.768110437,-55.7159251927,"Canelones","Magnoliopsida","Asteraceae","Senecio crassiflorus","6","Alta","Hierba","Perenne","NE"
"328",35802533,"2019-11-09","diegoalmendras","visitante",16,-34.768110437,-55.7159251927,"Canelones","Magnoliopsida","Asteraceae","Hypochaeris radicata","7","Alta","Hierba","Perenne","NE"
"331",35802539,"2019-11-09","diegoalmendras","visitante",16,-34.76755647,-55.7157136712,"Canelones","Magnoliopsida","Asteraceae","Senecio crassiflorus","6","Alta","Hierba","Perenne","NE"
"332",35802540,"2019-11-09","diegoalmendras","visitante",16,-34.76755647,-55.7157136712,"Canelones","Magnoliopsida","Solanaceae","Solanum sisymbriifolium","2","Alta","Hierba","Perenne","NE"
"333",35802548,"2019-11-09","diegoalmendras","visitante",16,-34.76755647,-55.7157136712,"Canelones","Magnoliopsida","Fabaceae","Acacia longifolia","5","Alta","Arbol","Perenne","LC"
"336",35802587,"2019-11-09","diegoalmendras","visitante",16,-34.768846349,-55.7195332725,"Canelones","Magnoliopsida","Asteraceae","Senecio madagascariensis","5","Alta","Hierba","Perenne","NE"
"338",35977334,"2019-11-03","diegopatino","visitante",100,-34.7797126137,-54.6984177735,"Maldonado","Magnoliopsida","Fabaceae","Trifolium polymorphum","16","Baja","Hierba","Perenne","NE"
"357",36249639,"2019-03-19","nic_venter","visitante",20,-34.2205237297,-54.7437454597,"Maldonado","Magnoliopsida","Solanaceae","Solanum sisymbriifolium","2","Alta","Hierba","Perenne","NE"
"358",36249950,"2019-03-20","nic_venter","visitante",20,-34.90460988,-55.0284451597,"Maldonado","Magnoliopsida","Cactaceae","Opuntia aurantiaca","1","Baja","Subarbusto","Perenne","LC"
"359",36250178,"2019-03-20","nic_venter","visitante",20,-34.8994311897,-55.24839237,"Maldonado","Magnoliopsida","Cactaceae","Opuntia arechavaletae","2","Alta","Arbusto","Perenne","LC"
"360",36251216,"2019-03-19","nic_venter","visitante",20,-34.2239964797,-54.7387831597,"Maldonado","Magnoliopsida","Solanaceae","Solanum mauritianum","6","Alta","Arbusto","Perenne","NE"
"361",36251217,"2019-03-19","nic_venter","visitante",20,-34.22400279,-54.7387455397,"Maldonado","Magnoliopsida","Solanaceae","Solanum mauritianum","6","Alta","Arbusto","Perenne","NE"
"362",36251218,"2019-03-19","nic_venter","visitante",20,-34.2238706697,-54.7388013797,"Maldonado","Magnoliopsida","Solanaceae","Solanum mauritianum","6","Alta","Arbusto","Perenne","NE"
"363",36251219,"2019-03-19","nic_venter","visitante",20,-34.22409703,-54.73875333,"Maldonado","Magnoliopsida","Solanaceae","Solanum mauritianum","6","Alta","Arbusto","Perenne","NE"
"364",36251220,"2019-03-19","nic_venter","visitante",20,-34.2250966797,-54.7372925197,"Maldonado","Magnoliopsida","Solanaceae","Solanum mauritianum","6","Alta","Arbusto","Perenne","NE"
"365",36251221,"2019-03-19","nic_venter","visitante",20,-34.2719932797,-54.68256276,"Maldonado","Magnoliopsida","Solanaceae","Solanum mauritianum","6","Alta","Arbusto","Perenne","NE"
"366",36251222,"2019-03-19","nic_venter","visitante",20,-34.27193118,-54.68269507,"Maldonado","Magnoliopsida","Solanaceae","Solanum mauritianum","6","Alta","Arbusto","Perenne","NE"
"367",36251223,"2019-03-19","nic_venter","visitante",20,-34.35522959,-54.5694963297,"Maldonado","Magnoliopsida","Solanaceae","Solanum mauritianum","6","Alta","Arbusto","Perenne","NE"
"368",36251224,"2019-03-20","nic_venter","visitante",20,-34.9031079697,-55.03633609,"Maldonado","Magnoliopsida","Solanaceae","Solanum mauritianum","6","Alta","Arbusto","Perenne","NE"
"369",36251225,"2019-03-20","nic_venter","visitante",20,-34.8655605697,-55.17223636,"Maldonado","Magnoliopsida","Solanaceae","Solanum mauritianum","6","Alta","Arbusto","Perenne","NE"
"370",36251226,"2019-03-20","nic_venter","visitante",20,-34.86745451,-55.1750005697,"Maldonado","Magnoliopsida","Solanaceae","Solanum mauritianum","6","Alta","Arbusto","Perenne","NE"
"371",36251227,"2019-03-21","nic_venter","visitante",20,-34.1526518,-54.50217648,"Maldonado","Magnoliopsida","Solanaceae","Solanum mauritianum","6","Alta","Arbusto","Perenne","NE"
"372",36251228,"2019-03-19","nic_venter","visitante",20,-34.4849823997,-54.8129547697,"Maldonado","Magnoliopsida","Solanaceae","Solanum mauritianum","6","Alta","Arbusto","Perenne","NE"
"373",36251229,"2019-03-22","nic_venter","visitante",20,-34.518462,-55.225001,"Lavalleja","Magnoliopsida","Solanaceae","Solanum mauritianum","6","Alta","Arbusto","Perenne","NE"
"447",36980970,"2019-12-23","natalieraeber","visitante",10,-32.73365333,-58.13386667,"Río Negro","Magnoliopsida","Fabaceae","Mimosa uraguensis","6","Alta","Arbusto","Perenne","NE"
"504",37419016,"2020-01-06","larahergenreder","visitante",74,-34.88809667,-54.79425833,"Maldonado","Magnoliopsida","Fabaceae","Trifolium repens","4","Alta","Hierba","Perenne","NE"
"561",37985580,"2020-01-25","lucaskaminski","visitante",134,-34.3826176864,-55.0755572319,"Lavalleja","Magnoliopsida","Asteraceae","Baccharis crispa","4","Alta","Arbusto","Perenne","NE"
"564",38119282,"2020-01-27","mainesu","visitante",61,-34.8232466667,-54.6203783333,"Maldonado","Magnoliopsida","Asteraceae","Pterocaulon lorentzii","8","Alta","Hierba","Anual","NE"
"565",38123606,"2017-07-18","marisnocatpiss","visitante",81,-34.0423393927,-53.5473321006,"Rocha","Magnoliopsida","Asteraceae","Senecio crassiflorus","6","Alta","Hierba","Perenne","NE"
"566",38135170,"2020-01-27","mainesu","visitante",61,-34.7967068078,-54.5738010737,"Maldonado","Magnoliopsida","Asteraceae","Pluchea sagittalis","3","Alta","Hierba","Perenne","NE"
"599",38196136,"2020-01-17","lindaloren","visitante",133,-34.8181587,-56.2138256,"Montevideo","Magnoliopsida","Fabaceae","Erythrina crista-galli","10","Baja","Arbol","Perenne","LC"
"602",38263167,"2020-01-31","mainesu","visitante",61,-34.8161151315,-54.6173794417,"Maldonado","Magnoliopsida","Asteraceae","Aspilia montevidensis","12","Baja","Hierba ","Perenne","NE"
"603",38263810,"2020-01-31","mainesu","visitante",61,-34.813195,-54.618725,"Maldonado","Magnoliopsida","Asteraceae","Chromolaena squarrulosa","3","Alta","Subarbusto","Perenne","NE"
"604",38264983,"2020-01-31","mainesu","visitante",61,-34.8141883333,-54.6181966667,"Maldonado","Magnoliopsida","Asteraceae","Chrysolaena flexuosa","13","Baja","Hierba","Perenne","NE"
"605",38265094,"2020-01-31","mainesu","visitante",61,-34.812787028,-54.6188054558,"Maldonado","Magnoliopsida","Asteraceae","Lucilia acutifolia","12","Baja","Hierba","Perenne","NE"
"606",38266868,"2020-01-31","mainesu","visitante",61,-34.82198,-54.62233,"Maldonado","Magnoliopsida","Asteraceae","Tessaria absinthioides","3","Alta","Arbusto","Perenne","NE"
"610",38344714,"2020-02-01","jmass","visitante",14,-34.8921009953,-56.2922487237,"Montevideo","Magnoliopsida","Asteraceae","Aspilia montevidensis","12","Baja","Hierba ","Perenne","NE"
"613",38364281,"2011-11-13","liuid","visitante",7,-33.0517246725,-57.8194100864,"Soriano","Magnoliopsida","Solanaceae","Nierembergia calycina","4","Alta","Hierba","Perenne","NE"
"614",38364284,"2011-11-13","liuid","visitante",7,-33.0211411653,-57.994825257,"Soriano","Magnoliopsida","Cactaceae","Echinopsis oxygona","2","Alta","Hierba","Perenne","LC"
"615",38364286,"2011-11-13","liuid","visitante",7,-33.0254350032,-57.9814224185,"Soriano","Magnoliopsida","Fabaceae","Prosopis nigra","0","NE","Arbusto","Perenne","DD"
"616",38424059,"2018-09-09","dianafr","visitante",13,-34.826866572,-55.0635810652,"Maldonado","Magnoliopsida","Cactaceae","Parodia concinna","7","Alta","Hierba","Anual","VU"
"655",38769234,"2020-02-09","romigaleota","visitante",4,-31.6660896738,-57.8868183866,"Paysandú","Magnoliopsida","Asteraceae","Cichorium intybus","4","Alta","Hierba","Anual","NE"
"656",38769633,"2020-02-09","romigaleota","visitante",4,-31.6688679058,-57.8824098408,"Paysandú","Magnoliopsida","Solanaceae","Solanum sisymbriifolium","2","Alta","Hierba","Perenne","NE"
"657",38769880,"2020-02-09","romigaleota","visitante",4,-31.6700923446,-57.8797397017,"Paysandú","Magnoliopsida","Asteraceae","Campuloclinium macrocephalum","16","Baja","Hierba","Perenne","NE"
"658",38770032,"2020-02-09","romigaleota","visitante",4,-31.6704687186,-57.880378738,"Paysandú","Magnoliopsida","Asteraceae","Gymnocoronis spilanthoides","13","Baja","Hierba","Perenne","NE"
"659",38771171,"2020-02-09","romigaleota","visitante",4,-31.6997139347,-57.8369759023,"Paysandú","Magnoliopsida","Asteraceae","Erigeron bonariensis","1","Baja","Hierba","Anual","NE"
"661",38816451,"2017-12-23","bionautauru","visitante",144,-32.27754836,-54.2653537373,"Cerro Largo","Magnoliopsida","Cactaceae","Epiphyllum oxypetalum","0","NE","NE","NE","LC"
"663",38919865,"2020-02-12","romigaleota","visitante",4,-31.6159364266,-57.9776216201,"Paysandú","Magnoliopsida","Asteraceae","Urolepis hecatantha","10","Baja","Hierba","Anual","NE"
"664",38920585,"2020-02-13","romigaleota","visitante",4,-31.615338163,-57.977325474,"Paysandú","Magnoliopsida","Solanaceae","Nierembergia linariifolia","2","Alta","Hierba","Perenne","NE"
"665",38920598,"2020-02-13","romigaleota","visitante",4,-31.6160842154,-57.9794443366,"Paysandú","Magnoliopsida","Solanaceae","Solanum laxum","10","Baja","Hierba","Perenne","NE"
"666",38920606,"2020-02-14","romigaleota","visitante",4,-31.61617558,-57.9804805495,"Paysandú","Magnoliopsida","Asteraceae","Solidago chilensis","3","Alta","Hierba","Perenne","NE"
"667",38920879,"2020-02-11","romigaleota","visitante",4,-31.617284372,-57.9852696697,"Paysandú","Magnoliopsida","Solanaceae","Nierembergia calycina","4","Alta","Hierba","Perenne","NE"
"668",38920887,"2020-02-12","romigaleota","visitante",4,-31.6183160395,-57.9764003105,"Paysandú","Magnoliopsida","Asteraceae","Chrysolaena flexuosa","13","Baja","Hierba","Perenne","NE"
"669",38920888,"2020-02-14","romigaleota","visitante",4,-31.6168450931,-57.9777306861,"Paysandú","Magnoliopsida","Asteraceae","Austroeupatorium inulifolium","14","Baja","Arbusto","Perenne","NE"
"670",38970582,"2020-02-09","romigaleota","visitante",4,-31.6818969771,-57.8660884011,"Paysandú","Magnoliopsida","Asteraceae","Solidago chilensis","3","Alta","Hierba","Perenne","NE"
"671",38970604,"2020-02-09","romigaleota","visitante",4,-31.6818969771,-57.8660884011,"Paysandú","Magnoliopsida","Asteraceae","Chromolaena laevigata","7","Alta","Arbusto","Perenne","NE"
"672",38970605,"2020-02-09","romigaleota","visitante",4,-31.6818969771,-57.8660884011,"Paysandú","Magnoliopsida","Asteraceae","Grindelia pulchella","4","Alta","Subarbusto","Perenne","NE"
"673",38970609,"2020-02-09","romigaleota","visitante",4,-31.6818969771,-57.8660884011,"Paysandú","Magnoliopsida","Asteraceae","Baccharis trimera","16","Baja","Subarbusto","Perenne","NE"
"674",38970611,"2020-02-09","romigaleota","visitante",4,-31.6818969771,-57.8660884011,"Paysandú","Magnoliopsida","Asteraceae","Solidago chilensis","3","Alta","Hierba","Perenne","NE"
"675",38972302,"2020-02-09","romigaleota","visitante",4,-31.7145072489,-57.7885094892,"Paysandú","Magnoliopsida","Asteraceae","Chromolaena hirsuta","12","Baja","Subarbusto","Perenne","NE"
"676",38974113,"2020-02-09","romigaleota","visitante",4,-31.4601282223,-57.9101625293,"Paysandú","Magnoliopsida","Fabaceae","Sesbania virgata","11","Baja","Arbusto","Perenne","LC"
"677",38975038,"2020-02-09","romigaleota","visitante",4,-31.6600226,-57.8892733,"Paysandú","Magnoliopsida","Fabaceae","Desmodium incanum","9","Alta","Hierba","Perenne","NE"
"678",38978467,"2020-02-10","romigaleota","visitante",4,-31.618272872,-57.9850862854,"Paysandú","Magnoliopsida","Solanaceae","Nierembergia calycina","4","Alta","Hierba","Perenne","NE"
"679",38978470,"2020-02-10","romigaleota","visitante",4,-31.617063963,-57.9812644512,"Paysandú","Magnoliopsida","Asteraceae","Austroeupatorium inulifolium","14","Baja","Arbusto","Perenne","NE"
"680",38978539,"2020-02-14","romigaleota","visitante",4,-31.5134684145,-57.8296600478,"Paysandú","Magnoliopsida","Asteraceae","Austroeupatorium inulifolium","14","Baja","Arbusto","Perenne","NE"
"716",39539949,"2020-03-02","johnpage","visitante",258,-34.473325922,-57.8519708495,"Colonia","Magnoliopsida","Fabaceae","Erythrina crista-galli","10","Baja","Arbol","Perenne","LC"
"766",40130760,"2015-11-20","sdrov","visitante",18,-33.7418,-53.7456,"Rocha","Magnoliopsida","Cactaceae","Parodia mammulosa","11","Baja","Hierba","Perenne","LC"
"769",40252618,"2020-03-17","nic_venter","visitante",20,-34.2469318797,-54.7205511097,"Maldonado","Magnoliopsida","Cactaceae","Opuntia megapotamica","19","Alta","Arbusto","Perenne","LC"
"786",40630483,"2020-03-17","nic_venter","visitante",20,-34.2240358597,-54.7388218497,"Maldonado","Magnoliopsida","Solanaceae","Solanum mauritianum","6","Alta","Arbusto","Perenne","NE"
"787",40630676,"2020-03-17","nic_venter","visitante",20,-34.24070296,-54.7280397,"Maldonado","Magnoliopsida","Solanaceae","Solanum mauritianum","6","Alta","Arbusto","Perenne","NE"
"788",40630710,"2020-03-17","nic_venter","visitante",20,-34.2718398569,-54.6826404331,"Maldonado","Magnoliopsida","Solanaceae","Solanum mauritianum","6","Alta","Arbusto","Perenne","NE"
"789",40630806,"2020-03-17","nic_venter","visitante",20,-34.27891411,-54.6845013497,"Maldonado","Magnoliopsida","Solanaceae","Solanum mauritianum","6","Alta","Arbusto","Perenne","NE"
"790",40630855,"2020-03-17","nic_venter","visitante",20,-34.2807383597,-54.68466647,"Maldonado","Magnoliopsida","Solanaceae","Solanum mauritianum","6","Alta","Arbusto","Perenne","NE"
"791",40630889,"2020-03-18","nic_venter","visitante",20,-34.4297297397,-54.5842535397,"Maldonado","Magnoliopsida","Solanaceae","Solanum mauritianum","6","Alta","Arbusto","Perenne","NE"
"792",40631395,"2020-03-18","nic_venter","visitante",20,-34.3946002797,-54.5707216897,"Maldonado","Magnoliopsida","Solanaceae","Solanum mauritianum","6","Alta","Arbusto","Perenne","NE"
"794",40634805,"2019-03-19","nic_venter","visitante",20,-34.94447426,-54.93643231,"Maldonado","Magnoliopsida","Solanaceae","Solanum mauritianum","6","Alta","Arbusto","Perenne","NE"
"817",41199798,"2017-11-26","ajfaggiani","visitante",114,-33.949049,-58.281709,"Colonia","Magnoliopsida","Cactaceae","Opuntia rioplatense","4","Alta","Hierba","Perenne","NE"
"858",42172251,"2019-10-31","mjbirder","visitante",50,-34.86,-56.2011111111,"Montevideo","Magnoliopsida","Fabaceae","Calliandra tweediei","13","Baja","Arbusto","Perenne","LC"
"859",42172327,"2019-10-31","mjbirder","visitante",50,-34.9163888889,-54.8961111111,"Maldonado","Magnoliopsida","Fabaceae","Calliandra tweediei","13","Baja","Arbusto","Perenne","LC"
"860",42172582,"2019-11-03","mjbirder","visitante",50,-34.9233333333,-54.9216666667,"Maldonado","Magnoliopsida","Asteraceae","Senecio brasiliensis","6","Alta","Hierba","Perenne","NE"
"868",42274169,"2019-11-12","linamariamon","visitante",86,-34.9838505217,-55.155262399,"Maldonado","Magnoliopsida","Cactaceae","Parodia concinna","7","Alta","Hierba","Anual","VU"
"873",42423857,"2016-11-18","xolmis-irupero","visitante",31,-34.4364984088,-57.8796781665,"Colonia","Magnoliopsida","Fabaceae","Erythrina crista-galli","10","Baja","Arbol","Perenne","LC"
"896",43410732,"2013-10-12","goncrisdi","visitante",9,-34.3236296117,-57.2317087629,"Colonia","Magnoliopsida","Cactaceae","Opuntia bonaerensis","0","NE","Subarbusto","Perenne","NE"
"897",43410757,"2013-10-12","goncrisdi","visitante",9,-34.3236296117,-57.2317087629,"Colonia","Magnoliopsida","Fabaceae","Trifolium repens","4","Alta","Hierba","Perenne","NE"
"898",43410907,"2013-10-12","goncrisdi","visitante",9,-34.3236296117,-57.2317087629,"Colonia","Magnoliopsida","Asteraceae","Senecio selloi","7","Alta","Subarbusto","Perenne","NE"
"899",43410934,"2013-10-12","goncrisdi","visitante",9,-34.3236296117,-57.2317087629,"Colonia","Magnoliopsida","Solanaceae","Petunia axillaris","9","Alta","Hierba","Anual","NE"
"900",43410935,"2013-10-12","goncrisdi","visitante",9,-34.3236296117,-57.2317087629,"Colonia","Magnoliopsida","Cactaceae","Parodia erinacea","0","NE","Hierba","Perenne","LC"
"901",43410955,"2013-10-12","goncrisdi","visitante",9,-34.3236296117,-57.2317087629,"Colonia","Magnoliopsida","Cactaceae","Parodia erinacea","0","NE","Hierba","Perenne","LC"
"902",43410996,"2013-10-12","goncrisdi","visitante",9,-34.3236296117,-57.2317087629,"Colonia","Magnoliopsida","Asteraceae","Senecio crassiflorus","6","Alta","Hierba","Perenne","NE"
"903",43410997,"2013-10-12","goncrisdi","visitante",9,-34.3236296117,-57.2317087629,"Colonia","Magnoliopsida","Solanaceae","Petunia axillaris","9","Alta","Hierba","Anual","NE"
"904",43411791,"2013-10-13","goncrisdi","visitante",9,-34.3236296117,-57.2317087629,"Colonia","Magnoliopsida","Cactaceae","Echinopsis oxygona","2","Alta","Hierba","Perenne","LC"
"906",43412906,"2013-10-14","goncrisdi","visitante",9,-34.3236296117,-57.2317087629,"Colonia","Magnoliopsida","Solanaceae","Petunia axillaris","9","Alta","Hierba","Anual","NE"
"921",44778068,"2018-01-26","jeanjacquesgodon","visitante",103,-34.3362271973,-53.7763241196,"Rocha","Magnoliopsida","Asteraceae","Stevia satureiifolia","7","Alta","Subarbusto","Perenne","NE"
"932",44865612,"2018-01-26","jeanjacquesgodon","visitante",103,-34.3899073786,-53.7861423465,"Rocha","Magnoliopsida","Asteraceae","Baccharis trimera","16","Baja","Subarbusto","Perenne","NE"
"972",45832312,"2019-06-21","joao_andriola","visitante",70,-34.402302,-53.794941,"Rocha","Magnoliopsida","Asteraceae","Senecio crassiflorus","6","Alta","Hierba","Perenne","NE"
"990",46697058,"2020-02-07","z_mcgrath","visitante",37,-32.8537128052,-58.0527572706,"Río Negro","Magnoliopsida","Cactaceae","Echinopsis oxygona","2","Alta","Hierba","Perenne","LC"
"991",46697171,"2020-02-07","z_mcgrath","visitante",37,-32.8649849098,-58.0723501369,"Río Negro","Magnoliopsida","Cactaceae","Echinopsis oxygona","2","Alta","Hierba","Perenne","LC"
"992",46701771,"2020-02-07","z_mcgrath","visitante",37,-32.8193998913,-58.071706742,"Río Negro","Magnoliopsida","Cactaceae","Opuntia rioplatense","4","Alta","Hierba","Perenne","NE"
"1004",47087288,"2020-02-07","z_mcgrath","visitante",37,-32.8782139487,-58.0445503816,"Río Negro","Magnoliopsida","Cactaceae","Lepismium lumbricoides","13","Baja","Hierba","Perenne","LC"
"1025",47938922,"2019-12-28","astridnautas","visitante",1,-34.2685408611,-57.3742267235,"Colonia","Magnoliopsida","Asteraceae","Lessingianthus plantaginodes","1","Baja","Subarbusto","Perenne","NE"
"1026",47938929,"2019-12-28","astridnautas","visitante",1,-34.2685408611,-57.3742267235,"Colonia","Magnoliopsida","Asteraceae","Pseudognaphalium cheiranthifolium","9","Alta","Hierba","Perenne","NE"
"1067",52977152,"2019-01-05","juanmolachino","visitante",424,-34.9102803206,-56.1393759525,"Montevideo","Magnoliopsida","Fabaceae","Vachellia farnesiana","3","Alta","Arbusto","Perenne","LC"
"1076",54096943,"2018-11-17","corygiacobbe","visitante",27,-34.201673725,-54.7872908864,"Lavalleja","Magnoliopsida","Solanaceae","Solanum sisymbriifolium","2","Alta","Hierba","Perenne","NE"
"1077",54105642,"2018-11-27","corygiacobbe","visitante",27,-34.423184506,-55.3503293574,"Lavalleja","Magnoliopsida","Asteraceae","Baccharis aliena","12","Baja","Arbusto","Perenne","NE"
"1082",54444963,"2017-10-29","corygiacobbe","visitante",27,-34.5330205347,-56.5748168237,"San José","Magnoliopsida","Fabaceae","Vachellia caven","14","Baja","Arbusto","Perenne","LC"
"1084",54626589,"2017-11-11","corygiacobbe","visitante",27,-32.6074230268,-53.7287526833,"Cerro Largo","Magnoliopsida","Fabaceae","Erythrina crista-galli","10","Baja","Arbol","Perenne","LC"
"1085",54626884,"2017-11-11","corygiacobbe","visitante",27,-32.6063228853,-53.729468585,"Cerro Largo","Magnoliopsida","Asteraceae","Acmella bellidioides","2","Alta","Hierba","Perenne","NE"
"1086",54627329,"2017-11-11","corygiacobbe","visitante",27,-32.6064164447,-53.7298678181,"Cerro Largo","Magnoliopsida","Solanaceae","Nicotiana longiflora","7","Alta","Hierba","Perenne","NE"
"1087",54714066,"2018-04-28","corygiacobbe","visitante",27,-34.4212665413,-55.3526946255,"Lavalleja","Magnoliopsida","Cactaceae","Parodia erinacea","0","NE","Hierba","Perenne","LC"
"1091",55325902,"2018-11-03","corygiacobbe","visitante",27,-34.4628125304,-53.9330037482,"Rocha","Magnoliopsida","Asteraceae","Baccharis trimera","16","Baja","Subarbusto","Perenne","NE"
"1099",55523133,"2020-08-05","guillermo171","visitante",185,-34.8333320674,-56.1235231162,"Montevideo","Magnoliopsida","Solanaceae","Physalis peruviana","0","NE","Hierba","Perenne","NE"
"1109",55623776,"2020-08-06","danielaleiva","visitante",353,-34.6658905,-56.22142951,"Canelones","Magnoliopsida","Asteraceae","Taraxacum officinale","2","Alta","Hierba","Perenne","NE"
"1113",55699456,"2020-08-07","valearechichu","visitante",289,-33.2238136201,-58.0472797836,"Río Negro","Magnoliopsida","Asteraceae","Taraxacum officinale","2","Alta","Hierba","Perenne","NE"
"1122",56346094,"2007-01-19","zebra1193","visitante",141,-34.8294891332,-56.2034798833,"Montevideo","Magnoliopsida","Solanaceae","Solanum sisymbriifolium","2","Alta","Hierba","Perenne","NE"
"1123",56346577,"2007-01-19","zebra1193","visitante",141,-34.9011127,-56.1645314,"Montevideo","Magnoliopsida","Solanaceae","Solanum lycopersicum","0","NE","NE","NE","NE"
"1129",56815684,"2006-01-12","jeanpaulortiz","visitante",73,-34.9030384299,-55.042447038,"Maldonado","Magnoliopsida","Asteraceae","Senecio ostenii","1","Baja","Subarbusto","Perenne","NE"
"1160",59500162,"2003-12-05","seigmond","visitante",504,-34.868327,-56.168975,"Montevideo","Magnoliopsida","Fabaceae","Erythrina crista-galli","10","Baja","Arbol","Perenne","LC"
"1171",59912573,"2011-10-21","prokhozhyj","visitante",136,-34.8887066243,-56.2593897859,"Montevideo","Magnoliopsida","Fabaceae","Vachellia caven","14","Baja","Arbusto","Perenne","LC"
"1172",59912915,"2011-10-21","prokhozhyj","visitante",136,-34.8887066243,-56.2593897859,"Montevideo","Magnoliopsida","Solanaceae","Petunia axillaris","9","Alta","Hierba","Anual","NE"
"1179",60289568,"2019-01-20","astridnautas","visitante",1,-34.2685408611,-57.3742267235,"Colonia","Magnoliopsida","Asteraceae","Pluchea sagittalis","3","Alta","Hierba","Perenne","NE"
"1180",60290812,"2017-12-24","astridnautas","visitante",1,-34.2685408611,-57.3742267235,"Colonia","Magnoliopsida","Asteraceae","Helenium radiatum","13","Baja","Hierba","Perenne","NE"
"1181",60290814,"2017-12-23","astridnautas","visitante",1,-34.2685408611,-57.3742267235,"Colonia","Magnoliopsida","Asteraceae","Coleostephus myconis","6","Alta","Hierba","Anual","NE"
"1182",60290815,"2017-12-22","astridnautas","visitante",1,-34.2685408611,-57.3742267235,"Colonia","Magnoliopsida","Asteraceae","Schlechtendalia luzulifolia","5","Alta","Hierba","Perenne","NE"
"1183",60290819,"2017-12-21","astridnautas","visitante",1,-34.2685408611,-57.3742267235,"Colonia","Magnoliopsida","Asteraceae","Bidens subalternans","0","NE","Hierba","Anual","NE"
"1202",60925555,"2020-01-19","astridnautas","visitante",1,-34.2685408611,-57.3742267235,"Colonia","Magnoliopsida","Cactaceae","Parodia erinacea","0","NE","Hierba","Perenne","LC"
"1203",61101615,"2020-09-28","silvia235","visitante",506,-33.9706579578,-57.9935917631,"Colonia","Magnoliopsida","Fabaceae","Vachellia caven","14","Baja","Arbusto","Perenne","LC"
"1548",65889972,"2020-02-04","taguato_","visitante",213,-31.6596982265,-56.6170227528,"Salto","Magnoliopsida","Asteraceae","Cirsium vulgare","8","Alta","Hierba","Anual","NE"
"1574",66465258,"2020-12-12","claradlc","visitante",344,-34.8709133333,-56.2154116667,"Montevideo","Magnoliopsida","Asteraceae","Cosmos bipinnatus","0","NE","Hierba","Anual","NE"
"1694",68300870,"2020-12-20","alasazules","visitante",220,-34.589269336,-54.1256609559,"Rocha","Magnoliopsida","Solanaceae","Solanum pseudocapsicum","9","Alta","Subarbusto","Perenne","NE"
"2164",79315501,"2021-05-18","goldengator42849","visitante",77,-33.1111937493,-55.6421170057,"Durazno","Magnoliopsida","Solanaceae","Solanum sisymbriifolium","2","Alta","Hierba","Perenne","NE"
"2245",91188601,"2012-02-01","cidawerneck","visitante",47,-34.0423394,-53.5473322,"Rocha","Magnoliopsida","Fabaceae","Trifolium pratense","2","Alta","Hierba","Perenne","LC"
"2262",91401562,"2012-01-31","cidawerneck","visitante",47,-34.0448444601,-53.5363497903,"Rocha","Magnoliopsida","Asteraceae","Coleostephus myconis","6","Alta","Hierba","Anual","NE"
"2264",91445543,"2014-02-24","pampa_grasslands","visitante",201,-30.8951603523,-57.6939240794,"Salto","Magnoliopsida","Asteraceae","Trichocline incana","7","Alta","Hierba","Perenne","NE"
"3021",100802714,"2015-11-28","cidawerneck","visitante",47,-34.4733627145,-57.8506785985,"Colonia","Magnoliopsida","Fabaceae","Erythrina crista-galli","10","Baja","Arbol","Perenne","LC"
"3030",100891858,"2021-11-11","astridnautas","visitante",1,-34.265557,-57.3716739722,"Colonia","Magnoliopsida","Asteraceae","Senecio brasiliensis","6","Alta","Hierba","Perenne","NE"
"3031",100892073,"2021-11-11","astridnautas","visitante",1,-34.265531,-57.3717129722,"Colonia","Magnoliopsida","Solanaceae","Petunia axillaris","9","Alta","Hierba","Anual","NE"
"3032",100893179,"2021-11-11","astridnautas","visitante",1,-34.2655159722,-57.370497,"Colonia","Magnoliopsida","Asteraceae","Baccharis punctulata","12","Baja","Arbusto","Perenne","LC"
"3033",100893458,"2021-11-11","astridnautas","visitante",1,-34.2655209722,-57.370494,"Colonia","Magnoliopsida","Asteraceae","Senecio selloi","7","Alta","Subarbusto","Perenne","NE"
"3061",101291357,"2021-11-15","astridnautas","visitante",1,-34.265388,-57.3718289722,"Colonia","Magnoliopsida","Asteraceae","Aspilia montevidensis","12","Baja","Hierba ","Perenne","NE"
"3062",101291428,"2021-11-14","astridnautas","visitante",1,-34.26811,-57.3755219722,"Colonia","Magnoliopsida","Solanaceae","Nicotiana bonariensis","8","Alta","Hierba","Anual","NE"
"3063",101293705,"2021-11-14","astridnautas","visitante",1,-34.2845009722,-57.339584,"Colonia","Magnoliopsida","Asteraceae","Baccharis trimera","16","Baja","Subarbusto","Perenne","NE"
"3132",101643250,"2021-11-20","astridnautas","visitante",1,-34.267138,-57.3740049722,"Colonia","Magnoliopsida","Asteraceae","Mutisia coccinea","5","Alta","Enredadera","Perenne","NE"
"3133",101643282,"2021-11-20","astridnautas","visitante",1,-34.2671459722,-57.3740099722,"Colonia","Magnoliopsida","Solanaceae","Salpichroa origanifolia","1","Baja","Hierba","Perenne","NE"
"3134",101643382,"2021-11-20","astridnautas","visitante",1,-34.2703849722,-57.38463,"Colonia","Magnoliopsida","Asteraceae","Helenium radiatum","13","Baja","Hierba","Perenne","NE"
"3272",102778834,"2021-12-09","goldengator42849","visitante",77,-34.6279833333,-55.2512366667,"Maldonado","Magnoliopsida","Asteraceae","Coleostephus myconis","6","Alta","Hierba","Anual","NE"
"3273",102786043,"2021-12-09","goldengator42849","visitante",77,-34.402655,-55.3389783333,"Lavalleja","Magnoliopsida","Fabaceae","Spartium junceum","3","Alta","Arbusto","Perenne","NE"
"3290",103009041,"2021-12-13","goldengator42849","visitante",77,-34.9195783333,-54.95807,"Maldonado","Magnoliopsida","Cactaceae","Opuntia monacantha","0","NE","Arbusto","Perenne","LC"
"3314",103093382,"2021-12-15","weba69","visitante",6,-34.7619583333,-55.727025,"Canelones","Magnoliopsida","Asteraceae","Hypochaeris radicata","7","Alta","Hierba","Perenne","NE"
"3340",103243350,"2021-12-17","weba69","visitante",6,-34.7534133333,-55.7061366667,"Canelones","Magnoliopsida","Asteraceae","Coreopsis lanceolata","1","Baja","Hierba","Perenne","NE"
"3341",103243629,"2021-12-17","weba69","visitante",6,-34.7543,-55.7085333333,"Canelones","Magnoliopsida","Asteraceae","Coleostephus myconis","6","Alta","Hierba","Anual","NE"
"3342",103243698,"2021-12-17","weba69","visitante",6,-34.7548833333,-55.7102866667,"Canelones","Magnoliopsida","Solanaceae","Solanum sisymbriifolium","2","Alta","Hierba","Perenne","NE"
"3344",103243804,"2021-12-17","weba69","visitante",6,-34.7580533333,-55.7195666667,"Canelones","Magnoliopsida","Fabaceae","Sesbania punicea","12","Baja","Arbol","Perenne","LC"
"3363",103387660,"2021-12-20","vickycodon","visitante",56,-34.851055,-54.7104833333,"Maldonado","Magnoliopsida","Asteraceae","Pluchea sagittalis","3","Alta","Hierba","Perenne","NE"
"3365",103414306,"2021-12-20","vickycodon","visitante",56,-34.8546366667,-54.7124783333,"Maldonado","Magnoliopsida","Solanaceae","Petunia axillaris","9","Alta","Hierba","Anual","NE"
"3371",103429805,"2021-12-21","weba69","visitante",6,-34.7670133333,-55.7652783333,"Canelones","Magnoliopsida","Fabaceae","Lotus corniculatus","2","Alta","Hierba","Perenne","NE"
"3377",103482845,"2021-12-20","vickycodon","visitante",56,-34.851745,-54.7107116667,"Maldonado","Magnoliopsida","Solanaceae","Solanum glaucophyllum","6","Alta","Arbusto","Perenne","NE"
"3395",103713396,"2021-12-25","vickycodon","visitante",56,-34.824025,-54.61762,"Maldonado","Magnoliopsida","Asteraceae","Stevia satureiifolia","7","Alta","Subarbusto","Perenne","NE"
"3396",103713455,"2021-12-26","vickycodon","visitante",56,-34.841995,-54.6351866667,"Maldonado","Magnoliopsida","Asteraceae","Tessaria absinthioides","3","Alta","Arbusto","Perenne","NE"
"3397",103713603,"2021-12-26","vickycodon","visitante",56,-34.8418966667,-54.635575,"Maldonado","Magnoliopsida","Asteraceae","Coleostephus myconis","6","Alta","Hierba","Anual","NE"
"3418",103856012,"2021-11-21","astridnautas","visitante",1,-34.2530859869,-57.3864241317,"Colonia","Magnoliopsida","Asteraceae","Lucilia acutifolia","12","Baja","Hierba","Perenne","NE"
"3419",103858242,"2021-12-28","vickycodon","visitante",56,-34.848175,-54.7024216667,"Maldonado","Magnoliopsida","Asteraceae","Chrysolaena flexuosa","13","Baja","Hierba","Perenne","NE"
"3454",104136927,"2022-01-01","weba69","visitante",6,-34.7620166667,-55.7270866667,"Canelones","Magnoliopsida","Fabaceae","Acacia dealbata","4","Alta","Arbol","Perenne","LC"
"3509",104451142,"2019-12-25","natalieraeber","visitante",10,-31.2511960945,-55.852497018,"Rivera","Magnoliopsida","Fabaceae","Erythrina crista-galli","10","Baja","Arbol","Perenne","LC"
"3512",104468240,"2022-01-06","weba69","visitante",6,-34.7681916667,-55.719905,"Canelones","Magnoliopsida","Asteraceae","Senecio crassiflorus","6","Alta","Hierba","Perenne","NE"
"3525",104634017,"2022-01-08","weba69","visitante",6,-34.4321416667,-56.4629466667,"San José","Magnoliopsida","Asteraceae","Carduus acanthoides","6","Alta","Hierba","Anual","NE"
"3564",104923204,"2022-01-14","weba69","visitante",6,-34.7596166667,-55.7383166667,"Canelones","Magnoliopsida","Fabaceae","Spartium junceum","3","Alta","Arbusto","Perenne","NE"
"3640",105325258,"2022-01-18","danilo45","visitante",46,-33.1110038611,-58.2448883056,"Río Negro","Magnoliopsida","Solanaceae","Solanum sisymbriifolium","2","Alta","Hierba","Perenne","NE"
"3641",105326869,"2022-01-18","danilo45","visitante",46,-33.1110038611,-58.2448883056,"Río Negro","Magnoliopsida","Asteraceae","Erigeron bonariensis","1","Baja","Hierba","Anual","NE"
"3762",105846834,"2022-01-18","danilo45","visitante",46,-33.1115341111,-58.2459831111,"Río Negro","Magnoliopsida","Solanaceae","Solanum sisymbriifolium","2","Alta","Hierba","Perenne","NE"
"3907",106519241,"2018-03-02","charlie_myles","visitante",238,-34.460648132,-57.8323005729,"Colonia","Magnoliopsida","Fabaceae","Erythrina crista-galli","10","Baja","Arbol","Perenne","LC"
"3962",106813407,"2022-02-15","sabina17","visitante",285,-34.9062202883,-56.2090751901,"Montevideo","Magnoliopsida","Asteraceae","Erigeron bonariensis","1","Baja","Hierba","Anual","NE"
"4285",108516209,"2022-03-12","diego_v","visitante",30,-34.473148,-57.847989,"Colonia","Magnoliopsida","Fabaceae","Vachellia caven","14","Baja","Arbusto","Perenne","LC"
"4286",108516223,"2022-03-12","diego_v","visitante",30,-34.472745,-57.850383,"Colonia","Magnoliopsida","Fabaceae","Erythrina crista-galli","10","Baja","Arbol","Perenne","LC"
"4287",108516224,"2022-03-12","diego_v","visitante",30,-34.473148,-57.847989,"Colonia","Magnoliopsida","Fabaceae","Acacia dealbata","4","Alta","Arbol","Perenne","LC"
"4439",109393004,"2022-03-24","alicia_mercedes_zarauz_silva","visitante",305,-34.0800978689,-55.402463933,"Lavalleja","Magnoliopsida","Fabaceae","Lespedeza bicolor","0","NE","NE","NE","NE"
"4519",109938098,"2022-03-30","viole2309","visitante",90,-33.219459,-58.1225659722,"Río Negro","Magnoliopsida","Asteraceae","Chromolaena callilepis","0","NE","Subarbusto","Perenne","NE"
"4532",110028857,"2022-03-30","viole2309","visitante",90,-33.219447,-58.1225519722,"Río Negro","Magnoliopsida","Fabaceae","Senna corymbosa","19","Alta","Arbusto","Perenne","LC"
"4533",110029732,"2022-03-30","viole2309","visitante",90,-33.21524,-58.132784,"Río Negro","Magnoliopsida","Solanaceae","Petunia integrifolia","2","Alta","Hierba","Anual","NE"
"4543",110144069,"2022-04-01","anibalnoro","visitante",229,-32.4514916972,-58.1923917972,"Paysandú","Magnoliopsida","Asteraceae","Pterocaulon angustifolium","1","Baja","Hierba","Perenne","NE"
"4571",110363352,"2022-03-27","siempreverde","visitante",111,-31.8868049722,-58.204028,"","Magnoliopsida","Asteraceae","Verbesina subcordata","12","Baja","Subarbusto","Perenne","NE"
"4706",111741452,"2022-04-15","danilo45","visitante",46,-34.7735309299,-55.5829490349,"Canelones","Magnoliopsida","Cactaceae","Cereus hildmannianus","0","NE","Arbol","Perenne","LC"
"4760",112589338,"2022-04-23","astridnautas","visitante",1,-34.2685024596,-57.3742267862,"Colonia","Magnoliopsida","Solanaceae","Solanum laxum","10","Baja","Hierba","Perenne","NE"
"4773",112593169,"2022-04-23","astridnautas","visitante",1,-34.2685024596,-57.3742267862,"Colonia","Magnoliopsida","Asteraceae","Pterocaulon balansae","7","Alta","Hierba","Perenne","NE"
"4774",112608443,"2022-04-23","astridnautas","visitante",1,-34.2685024596,-57.3742267862,"Colonia","Magnoliopsida","Asteraceae","Solidago chilensis","3","Alta","Hierba","Perenne","NE"
"4783",112663408,"2022-04-24","astridnautas","visitante",1,-34.2685024596,-57.3742267862,"Colonia","Magnoliopsida","Asteraceae","Senecio madagascariensis","5","Alta","Hierba","Perenne","NE"
"4809",113111886,"2022-04-23","astridnautas","visitante",1,-34.2685024596,-57.3742267862,"Colonia","Magnoliopsida","Asteraceae","Baccharis spicata","13","Baja","Arbusto","Perenne","NE"
"4810",113148972,"2022-04-23","astridnautas","visitante",1,-34.2685024596,-57.3742267862,"Colonia","Magnoliopsida","Asteraceae","Pterocaulon polystachyum","3","Alta","Hierba","Perenne","NE"
"4890",115483737,"2022-04-30","astridnautas","visitante",1,-34.4366958997,-57.2358127997,"Colonia","Magnoliopsida","Cactaceae","Cereus hildmannianus","0","NE","Arbol","Perenne","LC"
"4992",116202477,"2022-04-24","astridnautas","visitante",1,-34.2685024596,-57.3742267862,"Colonia","Magnoliopsida","Solanaceae","Solanum laxum","10","Baja","Hierba","Perenne","NE"
"5002",116369184,"2022-04-24","astridnautas","visitante",1,-34.2685024596,-57.3742267862,"Colonia","Magnoliopsida","Asteraceae","Aspilia montevidensis","12","Baja","Hierba ","Perenne","NE"
"5003",116369397,"2022-04-24","astridnautas","visitante",1,-34.2685024596,-57.3742267862,"Colonia","Magnoliopsida","Asteraceae","Baccharis punctulata","12","Baja","Arbusto","Perenne","LC"
"5004",116369650,"2022-04-24","astridnautas","visitante",1,-34.2685024596,-57.3742267862,"Colonia","Magnoliopsida","Asteraceae","Pterocaulon polystachyum","3","Alta","Hierba","Perenne","NE"
"5075",117027416,"2022-05-14","andrea0401","visitante",99,-30.2030115249,-57.6420220192,"Artigas","Magnoliopsida","Asteraceae","Vernonanthura nudiflora","8","Alta","Subarbusto","Perenne","NE"
"5201",118045975,"2022-05-21","samuel324","visitante",28,-34.4443966667,-55.2378383333,"Lavalleja","Magnoliopsida","Asteraceae","Baccharis trimera","16","Baja","Subarbusto","Perenne","NE"
"5236",118229703,"2022-05-22","samuel324","visitante",28,-34.4611333333,-55.2372633333,"Lavalleja","Magnoliopsida","Fabaceae","Ulex europaeus","4","Alta","Arbusto","Perenne","LC"
"5283",119166052,"2022-05-28","danialdias","visitante",15,-32.5931047,-53.3744131,"Cerro Largo","Magnoliopsida","Asteraceae","Trixis praestans","9","Alta","Arbusto","Perenne","NE"
"5284",119166054,"2022-05-28","danialdias","visitante",15,-32.5931047,-53.3744131,"Cerro Largo","Magnoliopsida","Fabaceae","Senegalia bonariensis","13","Baja","Arbusto","Perenne","NE"
"5285",119166058,"2022-05-28","danialdias","visitante",15,-32.5931047,-53.3744131,"Cerro Largo","Magnoliopsida","Asteraceae","Baccharis dracunculifolia","12","Baja","Arbusto","Perenne","NE"
"5286",119166061,"2022-05-28","danialdias","visitante",15,-32.5931047,-53.3744131,"Cerro Largo","Magnoliopsida","Asteraceae","Xanthium strumarium","6","Alta","Hierba","Anual","NE"
"5287",119166069,"2022-05-28","danialdias","visitante",15,-32.5931047,-53.3744131,"Cerro Largo","Magnoliopsida","Fabaceae","Senna corymbosa","19","Alta","Arbusto","Perenne","LC"
"5288",119166072,"2022-05-28","danialdias","visitante",15,-32.5931047,-53.3744131,"Cerro Largo","Magnoliopsida","Fabaceae","Mimosa pilulifera","7","Alta","Arbusto","Perenne","LC"
"5289",119166080,"2022-05-28","danialdias","visitante",15,-32.5931047,-53.3744131,"Cerro Largo","Magnoliopsida","Asteraceae","Tagetes minuta","4","Alta","Hierba","Anual","NE"
"5290",119166081,"2022-05-28","danialdias","visitante",15,-32.5931047,-53.3744131,"Cerro Largo","Magnoliopsida","Asteraceae","Tagetes minuta","4","Alta","Hierba","Anual","NE"
"5291",119166082,"2022-05-28","danialdias","visitante",15,-32.5931047,-53.3744131,"Cerro Largo","Magnoliopsida","Asteraceae","Trixis praestans","9","Alta","Arbusto","Perenne","NE"
"5292",119166094,"2022-05-28","danialdias","visitante",15,-32.5931047,-53.3744131,"Cerro Largo","Magnoliopsida","Fabaceae","Sesbania virgata","11","Baja","Arbusto","Perenne","LC"
"5293",119166109,"2022-05-28","danialdias","visitante",15,-32.5931047,-53.3744131,"Cerro Largo","Magnoliopsida","Solanaceae","Solanum laxum","10","Baja","Hierba","Perenne","NE"
"5368",121816395,"2022-05-18","samuel324","visitante",28,-34.4451416667,-55.2427633333,"Lavalleja","Magnoliopsida","Solanaceae","Petunia axillaris","9","Alta","Hierba","Anual","NE"
"5393",122172266,"2022-06-11","samuel324","visitante",28,-34.4449883333,-55.236645,"Lavalleja","Magnoliopsida","Asteraceae","Baccharis trimera","16","Baja","Subarbusto","Perenne","NE"
"5394",122172457,"2022-06-07","samuel324","visitante",28,-34.44497,-55.2366466667,"Lavalleja","Magnoliopsida","Asteraceae","Baccharis trimera","16","Baja","Subarbusto","Perenne","NE"
"5408",122498551,"2022-05-19","samuel324","visitante",28,-34.444675,-55.2370633333,"Lavalleja","Magnoliopsida","Asteraceae","Senecio madagascariensis","5","Alta","Hierba","Perenne","NE"
"5410",122541858,"2022-06-19","samuel324","visitante",28,-34.446675,-55.2444533333,"Lavalleja","Magnoliopsida","Asteraceae","Senecio pulcher","4","Alta","Hierba","Perenne","NE"
"5411",122547647,"2022-06-19","samuel324","visitante",28,-34.444705,-55.2401,"Lavalleja","Magnoliopsida","Cactaceae","Parodia erinacea","0","NE","Hierba","Perenne","LC"
"5417",122549403,"2022-06-18","samuel324","visitante",28,-34.4431116667,-55.2460533333,"Lavalleja","Magnoliopsida","Fabaceae","Acacia melanoxylon","3","Alta","Arbol","Perenne","NE"
"5428",123294480,"2022-06-22","mauriciouhle","visitante",196,-34.7968033333,-54.5570333333,"Rocha","Magnoliopsida","Asteraceae","Trichocline incana","7","Alta","Hierba","Perenne","NE"
"5480",125044234,"2022-07-01","danialdias","visitante",15,-32.5931047,-53.3744131,"Cerro Largo","Magnoliopsida","Fabaceae","Senna corymbosa","19","Alta","Arbusto","Perenne","LC"
"5490",125514753,"2022-05-20","samuel324","visitante",28,-34.443955,-55.238225,"Lavalleja","Magnoliopsida","Fabaceae","Sesbania punicea","12","Baja","Arbol","Perenne","LC"
"5491",125517827,"2022-05-21","samuel324","visitante",28,-34.4457666667,-55.23633,"Lavalleja","Magnoliopsida","Fabaceae","Mimosa ramulosa","9","Alta","Arbusto","Perenne","NE"
"5530",128675146,"2022-07-30","juanmmartinez","visitante",79,-34.882119,-55.0457729722,"Maldonado","Magnoliopsida","Fabaceae","Acacia longifolia","5","Alta","Arbol","Perenne","LC"
"5566",130538405,"2016-03-26","bombin","visitante",43,-34.2619008919,-57.3773689941,"Colonia","Magnoliopsida","Asteraceae","Stevia satureiifolia","7","Alta","Subarbusto","Perenne","NE"
"5639",133645501,"2022-09-04","joao_gava_just","visitante",412,-33.7470266997,-53.3821239997,"Rocha","Magnoliopsida","Fabaceae","Acacia longifolia","5","Alta","Arbol","Perenne","LC"
"5785",137757504,"2022-10-06","enriquecenoz","visitante",5,-34.8479062167,-55.1214825833,"Maldonado","Magnoliopsida","Asteraceae","Sonchus oleraceus","8","Alta","Hierba","Anual","NE"
"5786",137757706,"2022-10-06","enriquecenoz","visitante",5,-34.8480663833,-55.1218114,"Maldonado","Magnoliopsida","Asteraceae","Baccharis trimera","16","Baja","Subarbusto","Perenne","NE"
"5787",137757926,"2022-10-06","enriquecenoz","visitante",5,-34.8480577333,-55.12176545,"Maldonado","Magnoliopsida","Asteraceae","Baccharis punctulata","12","Baja","Arbusto","Perenne","LC"
"5793",137887221,"2022-10-07","enriquecenoz","visitante",5,-34.9182877333,-54.96525025,"Maldonado","Magnoliopsida","Fabaceae","Vicia benghalensis","8","Alta","Hierba","Anual","NE"
"5797",137891125,"2022-10-07","enriquecenoz","visitante",5,-34.91673,-54.9629999,"Maldonado","Magnoliopsida","Fabaceae","Melilotus albus","5","Alta","Hierba","Bianual","NE"
"5798",137896945,"2022-10-07","enriquecenoz","visitante",5,-34.9187264,-54.9734796833,"Maldonado","Magnoliopsida","Asteraceae","Senecio crassiflorus","6","Alta","Hierba","Perenne","NE"
"5800",137897380,"2022-10-07","enriquecenoz","visitante",5,-34.9188630833,-54.97378625,"Maldonado","Magnoliopsida","Asteraceae","Tessaria absinthioides","3","Alta","Arbusto","Perenne","NE"
"5801",137897539,"2022-10-07","enriquecenoz","visitante",5,-34.9185645,-54.9742135667,"Maldonado","Magnoliopsida","Fabaceae","Lupinus multiflorus","10","Baja","Hierba","Perenne","NE"
"5802",137897783,"2022-10-07","enriquecenoz","visitante",5,-34.9185321,-54.9742552333,"Maldonado","Magnoliopsida","Solanaceae","Petunia axillaris","9","Alta","Hierba","Anual","NE"
"5806",137899707,"2022-10-07","enriquecenoz","visitante",5,-34.9198186,-54.9707338,"Maldonado","Magnoliopsida","Solanaceae","Salpichroa origanifolia","1","Baja","Hierba","Perenne","NE"
"5813",138025158,"2022-10-08","enriquecenoz","visitante",5,-34.8476298167,-55.1214263167,"Maldonado","Magnoliopsida","Asteraceae","Helminthotheca echioides","1","Baja","Hierba","Anual","NE"
"5814",138025658,"2022-10-08","enriquecenoz","visitante",5,-34.8476904,-55.12154555,"Maldonado","Magnoliopsida","Solanaceae","Physalis peruviana","0","NE","Hierba","Perenne","NE"
"5830",138307411,"2022-10-10","enriquecenoz","visitante",5,-34.8917418167,-54.9606904333,"Maldonado","Magnoliopsida","Fabaceae","Vicia sativa","4","Alta","Hierba","Anual","LC"
"5847",138533834,"2022-10-12","enriquecenoz","visitante",5,-34.9013258333,-54.9752994833,"Maldonado","Magnoliopsida","Asteraceae","Senecio madagascariensis","5","Alta","Hierba","Perenne","NE"
"5850",138539867,"2022-10-12","enriquecenoz","visitante",5,-34.9031447,-54.9685835,"Maldonado","Magnoliopsida","Asteraceae","Ambrosia tenuifolia","10","Baja","Hierba","Perenne","NE"
"5851",138540125,"2022-10-12","enriquecenoz","visitante",5,-34.9015005,-54.9756504333,"Maldonado","Magnoliopsida","Solanaceae","Solanum sisymbriifolium","2","Alta","Hierba","Perenne","NE"
"5867",138744172,"2022-10-14","enriquecenoz","visitante",5,-34.9198359167,-54.9420883333,"Maldonado","Magnoliopsida","Asteraceae","Hypochaeris radicata","7","Alta","Hierba","Perenne","NE"
"5869",138759376,"2022-10-14","enriquecenoz","visitante",5,-34.9168309,-54.9629411,"Maldonado","Magnoliopsida","Fabaceae","Vicia benghalensis","8","Alta","Hierba","Anual","NE"
"5875",138865758,"2022-10-15","enriquecenoz","visitante",5,-34.8839642,-55.0127351333,"Maldonado","Magnoliopsida","Asteraceae","Senecio selloi","7","Alta","Subarbusto","Perenne","NE"
"5876",138873779,"2022-10-01","anahi119","visitante",227,-34.69723807,-55.3209472,"Maldonado","Magnoliopsida","Fabaceae","Spartium junceum","3","Alta","Arbusto","Perenne","NE"
"5879",138882392,"2022-10-15","enriquecenoz","visitante",5,-34.8055577,-54.9142875667,"Maldonado","Magnoliopsida","Asteraceae","Chamaemelum mixtum","12","Baja","Hierba","Anual","NE"
"5881",138883505,"2022-10-15","enriquecenoz","visitante",5,-34.8063327667,-54.9131454167,"Maldonado","Magnoliopsida","Solanaceae","Solanum laxum","10","Baja","Hierba","Perenne","NE"
"5892",139027899,"2022-10-16","enriquecenoz","visitante",5,-34.8479286,-55.1220173,"Maldonado","Magnoliopsida","Fabaceae","Erythrina crista-galli","10","Baja","Arbol","Perenne","LC"
"5893",139031013,"2022-10-16","enriquecenoz","visitante",5,-34.8477670667,-55.1214059667,"Maldonado","Magnoliopsida","Asteraceae","Baccharis spicata","13","Baja","Arbusto","Perenne","NE"
"5894",139032656,"2022-10-16","enriquecenoz","visitante",5,-34.8480471833,-55.1216537,"Maldonado","Magnoliopsida","Asteraceae","Coleostephus myconis","6","Alta","Hierba","Anual","NE"
"5902",139154194,"2022-10-17","enriquecenoz","visitante",5,-34.8994497,-54.9598492,"Maldonado","Magnoliopsida","Asteraceae","Ambrosia artemisiifolia","7","Alta","Hierba","Anual",""
"5926",139248051,"2022-10-18","enriquecenoz","visitante",5,-34.8999599,-55.038141,"Maldonado","Magnoliopsida","Solanaceae","Solanum laxum","10","Baja","Hierba","Perenne","NE"
"5940",139348072,"2022-10-19","enriquecenoz","visitante",5,-34.8703311167,-55.0799384167,"Maldonado","Magnoliopsida","Asteraceae","Achyrocline saturejoides","13","Baja","Subarbusto","Perenne","NE"
"5945",139420442,"2022-05-21","joaquinlape","visitante",23,-33.6834477239,-56.7955465011,"Flores","Magnoliopsida","Asteraceae","Baccharis spicata","13","Baja","Arbusto","Perenne","NE"
"5950",139422540,"2021-10-02","joaquinlape","visitante",23,-33.6796176902,-56.8048376731,"Flores","Magnoliopsida","Solanaceae","Petunia axillaris","9","Alta","Hierba","Anual","NE"
"5951",139423020,"2021-10-02","joaquinlape","visitante",23,-33.6799123142,-56.8060822181,"Flores","Magnoliopsida","Asteraceae","Senecio selloi","7","Alta","Subarbusto","Perenne","NE"
"5953",139427861,"2022-09-03","joaquinlape","visitante",23,-33.6694302199,-56.8129486732,"Flores","Magnoliopsida","Cactaceae","Parodia erinacea","0","NE","Hierba","Perenne","LC"
"5954",139429778,"2022-04-23","joaquinlape","visitante",23,-33.6873579329,-56.8032712637,"Flores","Magnoliopsida","Asteraceae","Senecio selloi","7","Alta","Subarbusto","Perenne","NE"
"5958",139549141,"2022-10-21","enriquecenoz","visitante",5,-34.9133436833,-54.9859208833,"Maldonado","Magnoliopsida","Fabaceae","Genista monspessulana","3","Alta","Arbusto","Perenne","NE"
"5965",139678995,"2022-10-22","alexbarnard","visitante",115,-34.9671440745,-56.2907507793,"Montevideo","Magnoliopsida","Solanaceae","Nicotiana longiflora","7","Alta","Hierba","Perenne","NE"
"5966",139679110,"2022-10-22","alexbarnard","visitante",115,-34.8876440342,-56.2410410794,"Montevideo","Magnoliopsida","Asteraceae","Senecio madagascariensis","5","Alta","Hierba","Perenne","NE"
"5981",139825310,"2022-10-23","karuquebec","visitante",35,-34.9000321587,-55.2501711612,"Maldonado","Magnoliopsida","Asteraceae","Senecio crassiflorus","6","Alta","Hierba","Perenne","NE"
"5986",139891694,"2022-10-24","enriquecenoz","visitante",5,-34.91101965,-54.9944406,"Maldonado","Magnoliopsida","Cactaceae","Opuntia arechavaletae","2","Alta","Arbusto","Perenne","LC"
"5988",139951343,"2022-10-24","karuquebec","visitante",35,-34.9001067577,-55.2509535048,"Maldonado","Magnoliopsida","Asteraceae","Lucilia acutifolia","12","Baja","Hierba","Perenne","NE"
"5989",139951434,"2022-10-24","karuquebec","visitante",35,-34.8998539141,-55.2509926766,"Maldonado","Magnoliopsida","Asteraceae","Baccharis trimera","16","Baja","Subarbusto","Perenne","NE"
"5991",139951912,"2022-10-24","karuquebec","visitante",35,-34.8999438772,-55.2512786252,"Maldonado","Magnoliopsida","Asteraceae","Coleostephus myconis","6","Alta","Hierba","Anual","NE"
"5992",139977361,"2022-10-25","enriquecenoz","visitante",5,-34.8670327833,-55.0873706167,"Maldonado","Magnoliopsida","Asteraceae","Eclipta elliptica","10","Baja","Hierba","Perenne","NE"
"5993",139977392,"2022-10-25","enriquecenoz","visitante",5,-34.9204097,-54.941461,"Maldonado","Magnoliopsida","Asteraceae","Chromolaena hirsuta","12","Baja","Subarbusto","Perenne","NE"
"5994",139977936,"2022-10-25","enriquecenoz","visitante",5,-34.9198271,-54.9418214,"Maldonado","Magnoliopsida","Asteraceae","Delairea odorata","2","Alta","Hierba","Perenne","NE"
"5997",139988993,"2022-10-25","enriquecenoz","visitante",5,-34.9286408,-54.940703,"Maldonado","Magnoliopsida","Fabaceae","Acacia longifolia","5","Alta","Arbol","Perenne","LC"
"5998",139990044,"2022-10-25","enriquecenoz","visitante",5,-34.9296194667,-54.9384387333,"Maldonado","Magnoliopsida","Asteraceae","Senecio brasiliensis","6","Alta","Hierba","Perenne","NE"
"5999",139990188,"2022-10-25","enriquecenoz","visitante",5,-34.9296440833,-54.9384654667,"Maldonado","Magnoliopsida","Asteraceae","Pseudognaphalium cheiranthifolium","9","Alta","Hierba","Perenne","NE"
"6002",140024568,"2022-10-23","karuquebec","visitante",35,-34.9003576473,-55.2508020901,"Maldonado","Magnoliopsida","Fabaceae","Lupinus bracteolaris","14","Baja","Hierba","Anual","NE"
"6003",140024989,"2022-10-23","karuquebec","visitante",35,-34.9189901408,-55.124488435,"Maldonado","Magnoliopsida","Cactaceae","Parodia ottonis","19","Alta","Hierba","Perenne","VU"
"6004",140025525,"2022-10-23","karuquebec","visitante",35,-34.8849966,-55.0358897,"Maldonado","Magnoliopsida","Asteraceae","Senecio selloi","7","Alta","Subarbusto","Perenne","NE"
"6015",140218878,"2022-10-24","karuquebec","visitante",35,-34.9003576473,-55.2508020901,"Maldonado","Magnoliopsida","Cactaceae","Opuntia aurantiaca","1","Baja","Subarbusto","Perenne","LC"
"6022",141065509,"2022-05-26","juan_pablo_de_souza","visitante",187,-34.350045,-55.7695916667,"Canelones","Magnoliopsida","Fabaceae","Bauhinia forficata","4","Alta","Arbol","Perenne","LC"
